,summary,config,name
0,"{'_step': 0, 'model': 'notears-np', '_runtime': 1.600327730178833, '_timestamp': 1696581550.1912646}","{'d': 20, 'n': 1000, 's0': 20, 'methods': ['notears', 'notears-np'], 'sem_type': 'mlp', 'run_count': 10, 'graph_type': 'ER'}",jumping-waterfall-57
1,"{'nnz': 7, 'shd': 13, 'fdr': 0, '_step': 3, 'fpr_normalised': 0.01764705882352941, 'shd_normalised': 18, 'tpr_normalised': 0.15, 'fpr': 0, 'fdr_normalised': 0.5, 'B_est': {'_type': 'histogram', 'bins': [0, 0.03125, 0.0625, 0.09375, 0.125, 0.15625, 0.1875, 0.21875, 0.25, 0.28125, 0.3125, 0.34375, 0.375, 0.40625, 0.4375, 0.46875, 0.5, 0.53125, 0.5625, 0.59375, 0.625, 0.65625, 0.6875, 0.71875, 0.75, 0.78125, 0.8125, 0.84375, 0.875, 0.90625, 0.9375, 0.96875, 1], 'values': [393, 0, 0, 0, 0, 0, 0, 0, 0, 0, 0, 0, 0, 0, 0, 0, 0, 0, 0, 0, 0, 0, 0, 0, 0, 0, 0, 0, 0, 0, 0, 7]}, '_wandb': {'runtime': 9}, 'model': 'notears', '_runtime': 11.046263217926024, '_timestamp': 1696581545.1444333, 'tpr': 0.35, 'nnz_normalised': 6, 'B_est_normalised': {'values': [394, 0, 0, 0, 0, 0, 0, 0, 0, 0, 0, 0, 0, 0, 0, 0, 0, 0, 0, 0, 0, 0, 0, 0, 0, 0, 0, 0, 0, 0, 0, 6], '_type': 'histogram', 'bins': [0, 0.03125, 0.0625, 0.09375, 0.125, 0.15625, 0.1875, 0.21875, 0.25, 0.28125, 0.3125, 0.34375, 0.375, 0.40625, 0.4375, 0.46875, 0.5, 0.53125, 0.5625, 0.59375, 0.625, 0.65625, 0.6875, 0.71875, 0.75, 0.78125, 0.8125, 0.84375, 0.875, 0.90625, 0.9375, 0.96875, 1]}}","{'d': 20, 'n': 1000, 's0': 20, 'methods': ['notears', 'notears-np'], 'sem_type': 'mlp', 'run_count': 10, 'graph_type': 'ER'}",quiet-flower-56
2,"{'nnz': 14, '_wandb': {'runtime': 8}, 'nnz_normalised': 10, 'fdr': 0.21428571428571427, 'tpr_normalised': 0.4, 'shd': 10, 'fdr_normalised': 0.2, 'fpr_normalised': 0.01176470588235294, '_step': 3, 'B_est': {'_type': 'histogram', 'bins': [0, 0.03125, 0.0625, 0.09375, 0.125, 0.15625, 0.1875, 0.21875, 0.25, 0.28125, 0.3125, 0.34375, 0.375, 0.40625, 0.4375, 0.46875, 0.5, 0.53125, 0.5625, 0.59375, 0.625, 0.65625, 0.6875, 0.71875, 0.75, 0.78125, 0.8125, 0.84375, 0.875, 0.90625, 0.9375, 0.96875, 1], 'values': [386, 0, 0, 0, 0, 0, 0, 0, 0, 0, 0, 0, 0, 0, 0, 0, 0, 0, 0, 0, 0, 0, 0, 0, 0, 0, 0, 0, 0, 0, 0, 14]}, 'fpr': 0.01764705882352941, 'tpr': 0.55, '_runtime': 9.931949377059937, '_timestamp': 1696581530.5032897, 'B_est_normalised': {'_type': 'histogram', 'bins': [0, 0.03125, 0.0625, 0.09375, 0.125, 0.15625, 0.1875, 0.21875, 0.25, 0.28125, 0.3125, 0.34375, 0.375, 0.40625, 0.4375, 0.46875, 0.5, 0.53125, 0.5625, 0.59375, 0.625, 0.65625, 0.6875, 0.71875, 0.75, 0.78125, 0.8125, 0.84375, 0.875, 0.90625, 0.9375, 0.96875, 1], 'values': [390, 0, 0, 0, 0, 0, 0, 0, 0, 0, 0, 0, 0, 0, 0, 0, 0, 0, 0, 0, 0, 0, 0, 0, 0, 0, 0, 0, 0, 0, 0, 10]}, 'model': 'notears', 'shd_normalised': 12}","{'d': 20, 'n': 1000, 's0': 20, 'methods': ['notears', 'notears-np'], 'sem_type': 'mlp', 'run_count': 10, 'graph_type': 'ER'}",lucky-sound-55
3,"{'fpr': 0.0058823529411764705, 'fdr_normalised': 0.5, '_step': 3, 'shd_normalised': 16, '_timestamp': 1696581516.3363447, 'nnz': 14, '_wandb': {'runtime': 33}, 'model': 'notears', '_runtime': 34.721059799194336, 'fpr_normalised': 0.029411764705882353, 'nnz_normalised': 10, 'tpr_normalised': 0.25, 'shd': 8, 'B_est_normalised': {'values': [390, 0, 0, 0, 0, 0, 0, 0, 0, 0, 0, 0, 0, 0, 0, 0, 0, 0, 0, 0, 0, 0, 0, 0, 0, 0, 0, 0, 0, 0, 0, 10], '_type': 'histogram', 'bins': [0, 0.03125, 0.0625, 0.09375, 0.125, 0.15625, 0.1875, 0.21875, 0.25, 0.28125, 0.3125, 0.34375, 0.375, 0.40625, 0.4375, 0.46875, 0.5, 0.53125, 0.5625, 0.59375, 0.625, 0.65625, 0.6875, 0.71875, 0.75, 0.78125, 0.8125, 0.84375, 0.875, 0.90625, 0.9375, 0.96875, 1]}, 'tpr': 0.65, 'B_est': {'_type': 'histogram', 'bins': [0, 0.03125, 0.0625, 0.09375, 0.125, 0.15625, 0.1875, 0.21875, 0.25, 0.28125, 0.3125, 0.34375, 0.375, 0.40625, 0.4375, 0.46875, 0.5, 0.53125, 0.5625, 0.59375, 0.625, 0.65625, 0.6875, 0.71875, 0.75, 0.78125, 0.8125, 0.84375, 0.875, 0.90625, 0.9375, 0.96875, 1], 'values': [386, 0, 0, 0, 0, 0, 0, 0, 0, 0, 0, 0, 0, 0, 0, 0, 0, 0, 0, 0, 0, 0, 0, 0, 0, 0, 0, 0, 0, 0, 0, 14]}, 'fdr': 0.07142857142857142}","{'d': 20, 'n': 1000, 's0': 20, 'methods': ['notears', 'notears-np'], 'sem_type': 'mlp', 'run_count': 10, 'graph_type': 'ER'}",happy-fog-54
4,"{'nnz': 12, 'tpr_normalised': 0.2, 'nnz_normalised': 9, 'fdr': 0.16666666666666666, 'model': 'notears', 'fpr': 0.01176470588235294, 'shd': 12, 'fpr_normalised': 0.029411764705882353, 'tpr': 0.5, 'B_est': {'_type': 'histogram', 'bins': [0, 0.03125, 0.0625, 0.09375, 0.125, 0.15625, 0.1875, 0.21875, 0.25, 0.28125, 0.3125, 0.34375, 0.375, 0.40625, 0.4375, 0.46875, 0.5, 0.53125, 0.5625, 0.59375, 0.625, 0.65625, 0.6875, 0.71875, 0.75, 0.78125, 0.8125, 0.84375, 0.875, 0.90625, 0.9375, 0.96875, 1], 'values': [388, 0, 0, 0, 0, 0, 0, 0, 0, 0, 0, 0, 0, 0, 0, 0, 0, 0, 0, 0, 0, 0, 0, 0, 0, 0, 0, 0, 0, 0, 0, 12]}, '_runtime': 15.443180799484251, 'shd_normalised': 16, '_step': 3, '_wandb': {'runtime': 14}, '_timestamp': 1696581478.0783188, 'B_est_normalised': {'values': [391, 0, 0, 0, 0, 0, 0, 0, 0, 0, 0, 0, 0, 0, 0, 0, 0, 0, 0, 0, 0, 0, 0, 0, 0, 0, 0, 0, 0, 0, 0, 9], '_type': 'histogram', 'bins': [0, 0.03125, 0.0625, 0.09375, 0.125, 0.15625, 0.1875, 0.21875, 0.25, 0.28125, 0.3125, 0.34375, 0.375, 0.40625, 0.4375, 0.46875, 0.5, 0.53125, 0.5625, 0.59375, 0.625, 0.65625, 0.6875, 0.71875, 0.75, 0.78125, 0.8125, 0.84375, 0.875, 0.90625, 0.9375, 0.96875, 1]}, 'fdr_normalised': 0.5555555555555556}","{'d': 20, 'n': 1000, 's0': 20, 'methods': ['notears', 'notears-np'], 'sem_type': 'mlp', 'run_count': 10, 'graph_type': 'ER'}",sweet-river-53
5,"{'_step': 3, '_runtime': 8.829771041870117, 'model': 'notears', '_wandb': {'runtime': 7}, 'shd_normalised': 21, 'tpr': 0.55, 'fdr_normalised': 0.8333333333333334, 'tpr_normalised': 0.1, 'B_est': {'bins': [0, 0.03125, 0.0625, 0.09375, 0.125, 0.15625, 0.1875, 0.21875, 0.25, 0.28125, 0.3125, 0.34375, 0.375, 0.40625, 0.4375, 0.46875, 0.5, 0.53125, 0.5625, 0.59375, 0.625, 0.65625, 0.6875, 0.71875, 0.75, 0.78125, 0.8125, 0.84375, 0.875, 0.90625, 0.9375, 0.96875, 1], 'values': [388, 0, 0, 0, 0, 0, 0, 0, 0, 0, 0, 0, 0, 0, 0, 0, 0, 0, 0, 0, 0, 0, 0, 0, 0, 0, 0, 0, 0, 0, 0, 12], '_type': 'histogram'}, 'fpr_normalised': 0.058823529411764705, 'nnz_normalised': 12, '_timestamp': 1696581459.469156, 'shd': 10, 'nnz': 12, 'fpr': 0.0058823529411764705, 'fdr': 0.08333333333333333, 'B_est_normalised': {'_type': 'histogram', 'bins': [0, 0.03125, 0.0625, 0.09375, 0.125, 0.15625, 0.1875, 0.21875, 0.25, 0.28125, 0.3125, 0.34375, 0.375, 0.40625, 0.4375, 0.46875, 0.5, 0.53125, 0.5625, 0.59375, 0.625, 0.65625, 0.6875, 0.71875, 0.75, 0.78125, 0.8125, 0.84375, 0.875, 0.90625, 0.9375, 0.96875, 1], 'values': [388, 0, 0, 0, 0, 0, 0, 0, 0, 0, 0, 0, 0, 0, 0, 0, 0, 0, 0, 0, 0, 0, 0, 0, 0, 0, 0, 0, 0, 0, 0, 12]}}","{'d': 20, 'n': 1000, 's0': 20, 'methods': ['notears', 'notears-np'], 'sem_type': 'mlp', 'run_count': 10, 'graph_type': 'ER'}",eager-vortex-52
6,"{'fpr_normalised': 0.04705882352941176, 'fdr': 0.2, 'shd_normalised': 16, 'tpr': 0.6, 'fpr': 0.01764705882352941, 'model': 'notears', 'B_est_normalised': {'_type': 'histogram', 'bins': [0, 0.03125, 0.0625, 0.09375, 0.125, 0.15625, 0.1875, 0.21875, 0.25, 0.28125, 0.3125, 0.34375, 0.375, 0.40625, 0.4375, 0.46875, 0.5, 0.53125, 0.5625, 0.59375, 0.625, 0.65625, 0.6875, 0.71875, 0.75, 0.78125, 0.8125, 0.84375, 0.875, 0.90625, 0.9375, 0.96875, 1], 'values': [385, 0, 0, 0, 0, 0, 0, 0, 0, 0, 0, 0, 0, 0, 0, 0, 0, 0, 0, 0, 0, 0, 0, 0, 0, 0, 0, 0, 0, 0, 0, 15]}, '_step': 3, '_runtime': 40.63582921028137, 'nnz_normalised': 15, 'nnz': 15, 'shd': 11, 'B_est': {'_type': 'histogram', 'bins': [0, 0.03125, 0.0625, 0.09375, 0.125, 0.15625, 0.1875, 0.21875, 0.25, 0.28125, 0.3125, 0.34375, 0.375, 0.40625, 0.4375, 0.46875, 0.5, 0.53125, 0.5625, 0.59375, 0.625, 0.65625, 0.6875, 0.71875, 0.75, 0.78125, 0.8125, 0.84375, 0.875, 0.90625, 0.9375, 0.96875, 1], 'values': [385, 0, 0, 0, 0, 0, 0, 0, 0, 0, 0, 0, 0, 0, 0, 0, 0, 0, 0, 0, 0, 0, 0, 0, 0, 0, 0, 0, 0, 0, 0, 15]}, '_timestamp': 1696581447.4204583, '_wandb': {'runtime': 39}, 'fdr_normalised': 0.5333333333333333, 'tpr_normalised': 0.35}","{'d': 20, 'n': 1000, 's0': 20, 'methods': ['notears', 'notears-np'], 'sem_type': 'mlp', 'run_count': 10, 'graph_type': 'ER'}",crisp-microwave-51
7,"{'shd': 10, '_timestamp': 1696581403.9036152, '_runtime': 22.31455135345459, 'model': 'notears', 'fpr_normalised': 0.041176470588235294, 'tpr_normalised': 0.4, 'shd_normalised': 16, '_wandb': {'runtime': 19}, 'nnz_normalised': 15, 'nnz': 14, 'tpr': 0.6, 'B_est': {'_type': 'histogram', 'bins': [0, 0.03125, 0.0625, 0.09375, 0.125, 0.15625, 0.1875, 0.21875, 0.25, 0.28125, 0.3125, 0.34375, 0.375, 0.40625, 0.4375, 0.46875, 0.5, 0.53125, 0.5625, 0.59375, 0.625, 0.65625, 0.6875, 0.71875, 0.75, 0.78125, 0.8125, 0.84375, 0.875, 0.90625, 0.9375, 0.96875, 1], 'values': [386, 0, 0, 0, 0, 0, 0, 0, 0, 0, 0, 0, 0, 0, 0, 0, 0, 0, 0, 0, 0, 0, 0, 0, 0, 0, 0, 0, 0, 0, 0, 14]}, '_step': 3, 'fdr_normalised': 0.4666666666666667, 'B_est_normalised': {'_type': 'histogram', 'values': [385, 0, 0, 0, 0, 0, 0, 0, 0, 0, 0, 0, 0, 0, 0, 0, 0, 0, 0, 0, 0, 0, 0, 0, 0, 0, 0, 0, 0, 0, 0, 15], 'bins': [0, 0.03125, 0.0625, 0.09375, 0.125, 0.15625, 0.1875, 0.21875, 0.25, 0.28125, 0.3125, 0.34375, 0.375, 0.40625, 0.4375, 0.46875, 0.5, 0.53125, 0.5625, 0.59375, 0.625, 0.65625, 0.6875, 0.71875, 0.75, 0.78125, 0.8125, 0.84375, 0.875, 0.90625, 0.9375, 0.96875, 1]}, 'fdr': 0.14285714285714285, 'fpr': 0.01176470588235294}","{'d': 20, 'n': 1000, 's0': 20, 'methods': ['notears', 'notears-np'], 'sem_type': 'mlp', 'run_count': 10, 'graph_type': 'ER'}",light-wood-50
8,"{'B_est': {'_type': 'histogram', 'bins': [0, 0.03125, 0.0625, 0.09375, 0.125, 0.15625, 0.1875, 0.21875, 0.25, 0.28125, 0.3125, 0.34375, 0.375, 0.40625, 0.4375, 0.46875, 0.5, 0.53125, 0.5625, 0.59375, 0.625, 0.65625, 0.6875, 0.71875, 0.75, 0.78125, 0.8125, 0.84375, 0.875, 0.90625, 0.9375, 0.96875, 1], 'values': [391, 0, 0, 0, 0, 0, 0, 0, 0, 0, 0, 0, 0, 0, 0, 0, 0, 0, 0, 0, 0, 0, 0, 0, 0, 0, 0, 0, 0, 0, 0, 9]}, '_timestamp': 1696581378.1219363, 'tpr_normalised': 0.25, 'nnz': 9, '_step': 3, 'shd_normalised': 17, 'shd': 18, 'fdr_normalised': 0.5, '_runtime': 12.610412359237673, 'fpr_normalised': 0.029411764705882353, 'fdr': 0.4444444444444444, 'model': 'notears', 'tpr': 0.25, 'nnz_normalised': 10, '_wandb': {'runtime': 11}, 'B_est_normalised': {'bins': [0, 0.03125, 0.0625, 0.09375, 0.125, 0.15625, 0.1875, 0.21875, 0.25, 0.28125, 0.3125, 0.34375, 0.375, 0.40625, 0.4375, 0.46875, 0.5, 0.53125, 0.5625, 0.59375, 0.625, 0.65625, 0.6875, 0.71875, 0.75, 0.78125, 0.8125, 0.84375, 0.875, 0.90625, 0.9375, 0.96875, 1], 'values': [390, 0, 0, 0, 0, 0, 0, 0, 0, 0, 0, 0, 0, 0, 0, 0, 0, 0, 0, 0, 0, 0, 0, 0, 0, 0, 0, 0, 0, 0, 0, 10], '_type': 'histogram'}, 'fpr': 0.02352941176470588}","{'d': 20, 'n': 1000, 's0': 20, 'methods': ['notears', 'notears-np'], 'sem_type': 'mlp', 'run_count': 10, 'graph_type': 'ER'}",charmed-pond-49
9,"{'B_est_normalised': {'_type': 'histogram', 'bins': [0, 0.03125, 0.0625, 0.09375, 0.125, 0.15625, 0.1875, 0.21875, 0.25, 0.28125, 0.3125, 0.34375, 0.375, 0.40625, 0.4375, 0.46875, 0.5, 0.53125, 0.5625, 0.59375, 0.625, 0.65625, 0.6875, 0.71875, 0.75, 0.78125, 0.8125, 0.84375, 0.875, 0.90625, 0.9375, 0.96875, 1], 'values': [396, 0, 0, 0, 0, 0, 0, 0, 0, 0, 0, 0, 0, 0, 0, 0, 0, 0, 0, 0, 0, 0, 0, 0, 0, 0, 0, 0, 0, 0, 0, 4]}, '_runtime': 8.130855321884155, '_wandb': {'runtime': 6}, 'model': 'notears', 'nnz_normalised': 4, 'fpr': 0, 'shd': 15, '_timestamp': 1696581360.8495972, 'shd_normalised': 19, 'tpr': 0.25, 'fdr_normalised': 0.75, 'fdr': 0, 'nnz': 5, 'tpr_normalised': 0.05, '_step': 3, 'B_est': {'_type': 'histogram', 'bins': [0, 0.03125, 0.0625, 0.09375, 0.125, 0.15625, 0.1875, 0.21875, 0.25, 0.28125, 0.3125, 0.34375, 0.375, 0.40625, 0.4375, 0.46875, 0.5, 0.53125, 0.5625, 0.59375, 0.625, 0.65625, 0.6875, 0.71875, 0.75, 0.78125, 0.8125, 0.84375, 0.875, 0.90625, 0.9375, 0.96875, 1], 'values': [395, 0, 0, 0, 0, 0, 0, 0, 0, 0, 0, 0, 0, 0, 0, 0, 0, 0, 0, 0, 0, 0, 0, 0, 0, 0, 0, 0, 0, 0, 0, 5]}, 'fpr_normalised': 0.01764705882352941}","{'d': 20, 'n': 1000, 's0': 20, 'methods': ['notears', 'notears-np'], 'sem_type': 'mlp', 'run_count': 10, 'graph_type': 'ER'}",ruby-durian-48
10,"{'fpr': 0, 'shd': 13, 'tpr': 0.35, '_wandb': {'runtime': 5}, 'nnz': 7, '_runtime': 6.840217351913452, 'nnz_normalised': 5, 'model': 'notears', 'B_est': {'_type': 'histogram', 'bins': [0, 0.03125, 0.0625, 0.09375, 0.125, 0.15625, 0.1875, 0.21875, 0.25, 0.28125, 0.3125, 0.34375, 0.375, 0.40625, 0.4375, 0.46875, 0.5, 0.53125, 0.5625, 0.59375, 0.625, 0.65625, 0.6875, 0.71875, 0.75, 0.78125, 0.8125, 0.84375, 0.875, 0.90625, 0.9375, 0.96875, 1], 'values': [393, 0, 0, 0, 0, 0, 0, 0, 0, 0, 0, 0, 0, 0, 0, 0, 0, 0, 0, 0, 0, 0, 0, 0, 0, 0, 0, 0, 0, 0, 0, 7]}, 'fdr_normalised': 0.2, 'shd_normalised': 16, 'fpr_normalised': 0.0058823529411764705, 'fdr': 0, '_step': 3, '_timestamp': 1696581348.9446282, 'tpr_normalised': 0.2, 'B_est_normalised': {'_type': 'histogram', 'values': [395, 0, 0, 0, 0, 0, 0, 0, 0, 0, 0, 0, 0, 0, 0, 0, 0, 0, 0, 0, 0, 0, 0, 0, 0, 0, 0, 0, 0, 0, 0, 5], 'bins': [0, 0.03125, 0.0625, 0.09375, 0.125, 0.15625, 0.1875, 0.21875, 0.25, 0.28125, 0.3125, 0.34375, 0.375, 0.40625, 0.4375, 0.46875, 0.5, 0.53125, 0.5625, 0.59375, 0.625, 0.65625, 0.6875, 0.71875, 0.75, 0.78125, 0.8125, 0.84375, 0.875, 0.90625, 0.9375, 0.96875, 1]}}","{'d': 20, 'n': 1000, 's0': 20, 'methods': ['notears', 'notears-np'], 'sem_type': 'mlp', 'run_count': 10, 'graph_type': 'ER'}",amber-blaze-47
11,"{'_runtime': 1.369478464126587, '_timestamp': 1696556307.7774055, '_step': 0, 'model': 'notears-np'}","{'d': 30, 'n': 1000, 's0': 20, 'methods': ['notears-np'], 'sem_type': 'gauss', 'run_count': 10, 'graph_type': 'ER'}",sage-dragon-46
12,"{'shd': 3, 'nnz': 21, 'fdr_normalised': 0.68, 'fpr': 0.007228915662650603, '_runtime': 10691.65209531784, '_timestamp': 1696556302.5954373, 'nnz_normalised': 25, 'B_est': {'bins': [0, 0.03125, 0.0625, 0.09375, 0.125, 0.15625, 0.1875, 0.21875, 0.25, 0.28125, 0.3125, 0.34375, 0.375, 0.40625, 0.4375, 0.46875, 0.5, 0.53125, 0.5625, 0.59375, 0.625, 0.65625, 0.6875, 0.71875, 0.75, 0.78125, 0.8125, 0.84375, 0.875, 0.90625, 0.9375, 0.96875, 1], 'values': [879, 0, 0, 0, 0, 0, 0, 0, 0, 0, 0, 0, 0, 0, 0, 0, 0, 0, 0, 0, 0, 0, 0, 0, 0, 0, 0, 0, 0, 0, 0, 21], '_type': 'histogram'}, 'B_est_normalised': {'values': [875, 0, 0, 0, 0, 0, 0, 0, 0, 0, 0, 0, 0, 0, 0, 0, 0, 0, 0, 0, 0, 0, 0, 0, 0, 0, 0, 0, 0, 0, 0, 25], 'bins': [0, 0.03125, 0.0625, 0.09375, 0.125, 0.15625, 0.1875, 0.21875, 0.25, 0.28125, 0.3125, 0.34375, 0.375, 0.40625, 0.4375, 0.46875, 0.5, 0.53125, 0.5625, 0.59375, 0.625, 0.65625, 0.6875, 0.71875, 0.75, 0.78125, 0.8125, 0.84375, 0.875, 0.90625, 0.9375, 0.96875, 1], '_type': 'histogram'}, 'fdr': 0.14285714285714285, 'fpr_normalised': 0.04096385542168675, 'tpr': 0.9, '_step': 3, 'shd_normalised': 18, 'model': 'notears-np', 'tpr_normalised': 0.4, '_wandb': {'runtime': 10690}}","{'d': 30, 'n': 1000, 's0': 20, 'methods': ['notears-np'], 'sem_type': 'gauss', 'run_count': 10, 'graph_type': 'ER'}",toasty-sun-45
13,"{'B_est': {'_type': 'histogram', 'bins': [0, 0.03125, 0.0625, 0.09375, 0.125, 0.15625, 0.1875, 0.21875, 0.25, 0.28125, 0.3125, 0.34375, 0.375, 0.40625, 0.4375, 0.46875, 0.5, 0.53125, 0.5625, 0.59375, 0.625, 0.65625, 0.6875, 0.71875, 0.75, 0.78125, 0.8125, 0.84375, 0.875, 0.90625, 0.9375, 0.96875, 1], 'values': [880, 0, 0, 0, 0, 0, 0, 0, 0, 0, 0, 0, 0, 0, 0, 0, 0, 0, 0, 0, 0, 0, 0, 0, 0, 0, 0, 0, 0, 0, 0, 20]}, 'model': 'notears-np', 'fdr_normalised': 0.6538461538461539, '_wandb': {'runtime': 8629}, 'shd_normalised': 18, 'shd': 0, 'nnz_normalised': 26, '_step': 3, 'B_est_normalised': {'_type': 'histogram', 'bins': [0, 0.03125, 0.0625, 0.09375, 0.125, 0.15625, 0.1875, 0.21875, 0.25, 0.28125, 0.3125, 0.34375, 0.375, 0.40625, 0.4375, 0.46875, 0.5, 0.53125, 0.5625, 0.59375, 0.625, 0.65625, 0.6875, 0.71875, 0.75, 0.78125, 0.8125, 0.84375, 0.875, 0.90625, 0.9375, 0.96875, 1], 'values': [874, 0, 0, 0, 0, 0, 0, 0, 0, 0, 0, 0, 0, 0, 0, 0, 0, 0, 0, 0, 0, 0, 0, 0, 0, 0, 0, 0, 0, 0, 0, 26]}, 'fdr': 0, 'nnz': 20, '_timestamp': 1696545605.5895844, 'tpr': 1, 'fpr': 0, 'tpr_normalised': 0.45, '_runtime': 8629.514263391495, 'fpr_normalised': 0.04096385542168675}","{'d': 30, 'n': 1000, 's0': 20, 'methods': ['notears-np'], 'sem_type': 'gauss', 'run_count': 10, 'graph_type': 'ER'}",classic-donkey-44
14,"{'_step': 0, 'model': 'notears-np', '_runtime': 1.5415940284729004, '_timestamp': 1696530897.382985}","{'d': 30, 'n': 1000, 's0': 20, 'methods': ['notears', 'notears-np'], 'sem_type': 'gauss', 'run_count': 10, 'graph_type': 'ER'}",young-grass-42
15,"{'fpr_normalised': 0.01927710843373494, 'fpr': 0, 'B_est': {'_type': 'histogram', 'bins': [0, 0.03125, 0.0625, 0.09375, 0.125, 0.15625, 0.1875, 0.21875, 0.25, 0.28125, 0.3125, 0.34375, 0.375, 0.40625, 0.4375, 0.46875, 0.5, 0.53125, 0.5625, 0.59375, 0.625, 0.65625, 0.6875, 0.71875, 0.75, 0.78125, 0.8125, 0.84375, 0.875, 0.90625, 0.9375, 0.96875, 1], 'values': [880, 0, 0, 0, 0, 0, 0, 0, 0, 0, 0, 0, 0, 0, 0, 0, 0, 0, 0, 0, 0, 0, 0, 0, 0, 0, 0, 0, 0, 0, 0, 20]}, '_wandb': {'runtime': 21}, 'nnz': 20, 'tpr_normalised': 0.5, 'tpr': 1, 'shd': 0, 'shd_normalised': 12, '_runtime': 22.75855779647827, 'B_est_normalised': {'bins': [0, 0.03125, 0.0625, 0.09375, 0.125, 0.15625, 0.1875, 0.21875, 0.25, 0.28125, 0.3125, 0.34375, 0.375, 0.40625, 0.4375, 0.46875, 0.5, 0.53125, 0.5625, 0.59375, 0.625, 0.65625, 0.6875, 0.71875, 0.75, 0.78125, 0.8125, 0.84375, 0.875, 0.90625, 0.9375, 0.96875, 1], 'values': [882, 0, 0, 0, 0, 0, 0, 0, 0, 0, 0, 0, 0, 0, 0, 0, 0, 0, 0, 0, 0, 0, 0, 0, 0, 0, 0, 0, 0, 0, 0, 18], '_type': 'histogram'}, '_step': 3, 'fdr_normalised': 0.4444444444444444, 'nnz_normalised': 18, '_timestamp': 1696530892.6233618, 'model': 'notears', 'fdr': 0}","{'d': 30, 'n': 1000, 's0': 20, 'methods': ['notears', 'notears-np'], 'sem_type': 'gauss', 'run_count': 10, 'graph_type': 'ER'}",laced-frog-41
16,"{'fpr': 0, 'model': 'notears', 'shd': 1, '_wandb': {'runtime': 54}, '_timestamp': 1696530866.567086, 'tpr': 0.95, 'tpr_normalised': 0.45, 'nnz_normalised': 19, 'B_est': {'_type': 'histogram', 'bins': [0, 0.03125, 0.0625, 0.09375, 0.125, 0.15625, 0.1875, 0.21875, 0.25, 0.28125, 0.3125, 0.34375, 0.375, 0.40625, 0.4375, 0.46875, 0.5, 0.53125, 0.5625, 0.59375, 0.625, 0.65625, 0.6875, 0.71875, 0.75, 0.78125, 0.8125, 0.84375, 0.875, 0.90625, 0.9375, 0.96875, 1], 'values': [881, 0, 0, 0, 0, 0, 0, 0, 0, 0, 0, 0, 0, 0, 0, 0, 0, 0, 0, 0, 0, 0, 0, 0, 0, 0, 0, 0, 0, 0, 0, 19]}, 'nnz': 19, 'fdr': 0, '_step': 3, 'fpr_normalised': 0.024096385542168676, 'shd_normalised': 13, 'B_est_normalised': {'values': [881, 0, 0, 0, 0, 0, 0, 0, 0, 0, 0, 0, 0, 0, 0, 0, 0, 0, 0, 0, 0, 0, 0, 0, 0, 0, 0, 0, 0, 0, 0, 19], '_type': 'histogram', 'bins': [0, 0.03125, 0.0625, 0.09375, 0.125, 0.15625, 0.1875, 0.21875, 0.25, 0.28125, 0.3125, 0.34375, 0.375, 0.40625, 0.4375, 0.46875, 0.5, 0.53125, 0.5625, 0.59375, 0.625, 0.65625, 0.6875, 0.71875, 0.75, 0.78125, 0.8125, 0.84375, 0.875, 0.90625, 0.9375, 0.96875, 1]}, '_runtime': 56.61330604553223, 'fdr_normalised': 0.5263157894736842}","{'d': 30, 'n': 1000, 's0': 20, 'methods': ['notears', 'notears-np'], 'sem_type': 'gauss', 'run_count': 10, 'graph_type': 'ER'}",astral-plant-40
17,"{'fpr_normalised': 0.021686746987951807, 'model': 'notears', 'tpr': 1, 'fpr': 0, 'B_est_normalised': {'_type': 'histogram', 'bins': [0, 0.03125, 0.0625, 0.09375, 0.125, 0.15625, 0.1875, 0.21875, 0.25, 0.28125, 0.3125, 0.34375, 0.375, 0.40625, 0.4375, 0.46875, 0.5, 0.53125, 0.5625, 0.59375, 0.625, 0.65625, 0.6875, 0.71875, 0.75, 0.78125, 0.8125, 0.84375, 0.875, 0.90625, 0.9375, 0.96875, 1], 'values': [880, 0, 0, 0, 0, 0, 0, 0, 0, 0, 0, 0, 0, 0, 0, 0, 0, 0, 0, 0, 0, 0, 0, 0, 0, 0, 0, 0, 0, 0, 0, 20]}, 'shd': 0, 'nnz_normalised': 20, 'B_est': {'bins': [0, 0.03125, 0.0625, 0.09375, 0.125, 0.15625, 0.1875, 0.21875, 0.25, 0.28125, 0.3125, 0.34375, 0.375, 0.40625, 0.4375, 0.46875, 0.5, 0.53125, 0.5625, 0.59375, 0.625, 0.65625, 0.6875, 0.71875, 0.75, 0.78125, 0.8125, 0.84375, 0.875, 0.90625, 0.9375, 0.96875, 1], 'values': [880, 0, 0, 0, 0, 0, 0, 0, 0, 0, 0, 0, 0, 0, 0, 0, 0, 0, 0, 0, 0, 0, 0, 0, 0, 0, 0, 0, 0, 0, 0, 20], '_type': 'histogram'}, 'shd_normalised': 10, 'fdr': 0, '_timestamp': 1696530807.019265, 'fdr_normalised': 0.45, '_step': 3, '_wandb': {'runtime': 59}, '_runtime': 61.05596899986267, 'nnz': 20, 'tpr_normalised': 0.55}","{'d': 30, 'n': 1000, 's0': 20, 'methods': ['notears', 'notears-np'], 'sem_type': 'gauss', 'run_count': 10, 'graph_type': 'ER'}",easy-spaceship-39
18,"{'nnz_normalised': 20, '_runtime': 28.884978532791138, 'fdr': 0, '_timestamp': 1696530742.0897596, '_step': 3, 'tpr': 0.95, 'B_est_normalised': {'_type': 'histogram', 'bins': [0, 0.03125, 0.0625, 0.09375, 0.125, 0.15625, 0.1875, 0.21875, 0.25, 0.28125, 0.3125, 0.34375, 0.375, 0.40625, 0.4375, 0.46875, 0.5, 0.53125, 0.5625, 0.59375, 0.625, 0.65625, 0.6875, 0.71875, 0.75, 0.78125, 0.8125, 0.84375, 0.875, 0.90625, 0.9375, 0.96875, 1], 'values': [880, 0, 0, 0, 0, 0, 0, 0, 0, 0, 0, 0, 0, 0, 0, 0, 0, 0, 0, 0, 0, 0, 0, 0, 0, 0, 0, 0, 0, 0, 0, 20]}, 'fpr': 0, 'fdr_normalised': 0.4, 'tpr_normalised': 0.6, 'nnz': 19, 'shd_normalised': 8, 'fpr_normalised': 0.01927710843373494, 'B_est': {'_type': 'histogram', 'bins': [0, 0.03125, 0.0625, 0.09375, 0.125, 0.15625, 0.1875, 0.21875, 0.25, 0.28125, 0.3125, 0.34375, 0.375, 0.40625, 0.4375, 0.46875, 0.5, 0.53125, 0.5625, 0.59375, 0.625, 0.65625, 0.6875, 0.71875, 0.75, 0.78125, 0.8125, 0.84375, 0.875, 0.90625, 0.9375, 0.96875, 1], 'values': [881, 0, 0, 0, 0, 0, 0, 0, 0, 0, 0, 0, 0, 0, 0, 0, 0, 0, 0, 0, 0, 0, 0, 0, 0, 0, 0, 0, 0, 0, 0, 19]}, 'shd': 1, 'model': 'notears', '_wandb': {'runtime': 27}}","{'d': 30, 'n': 1000, 's0': 20, 'methods': ['notears', 'notears-np'], 'sem_type': 'gauss', 'run_count': 10, 'graph_type': 'ER'}",fast-tree-38
19,"{'B_est': {'bins': [0, 0.03125, 0.0625, 0.09375, 0.125, 0.15625, 0.1875, 0.21875, 0.25, 0.28125, 0.3125, 0.34375, 0.375, 0.40625, 0.4375, 0.46875, 0.5, 0.53125, 0.5625, 0.59375, 0.625, 0.65625, 0.6875, 0.71875, 0.75, 0.78125, 0.8125, 0.84375, 0.875, 0.90625, 0.9375, 0.96875, 1], 'values': [881, 0, 0, 0, 0, 0, 0, 0, 0, 0, 0, 0, 0, 0, 0, 0, 0, 0, 0, 0, 0, 0, 0, 0, 0, 0, 0, 0, 0, 0, 0, 19], '_type': 'histogram'}, 'model': 'notears', 'tpr_normalised': 0.65, 'shd': 1, 'fdr_normalised': 0.380952380952381, 'B_est_normalised': {'bins': [0, 0.03125, 0.0625, 0.09375, 0.125, 0.15625, 0.1875, 0.21875, 0.25, 0.28125, 0.3125, 0.34375, 0.375, 0.40625, 0.4375, 0.46875, 0.5, 0.53125, 0.5625, 0.59375, 0.625, 0.65625, 0.6875, 0.71875, 0.75, 0.78125, 0.8125, 0.84375, 0.875, 0.90625, 0.9375, 0.96875, 1], 'values': [879, 0, 0, 0, 0, 0, 0, 0, 0, 0, 0, 0, 0, 0, 0, 0, 0, 0, 0, 0, 0, 0, 0, 0, 0, 0, 0, 0, 0, 0, 0, 21], '_type': 'histogram'}, 'fpr': 0, 'tpr': 0.95, '_runtime': 29.727079391479492, 'fpr_normalised': 0.01927710843373494, 'fdr': 0, '_step': 3, 'nnz_normalised': 21, '_wandb': {'runtime': 28}, '_timestamp': 1696530710.0703113, 'nnz': 19, 'shd_normalised': 8}","{'d': 30, 'n': 1000, 's0': 20, 'methods': ['notears', 'notears-np'], 'sem_type': 'gauss', 'run_count': 10, 'graph_type': 'ER'}",light-pond-37
20,"{'_timestamp': 1696530677.018955, 'nnz': 18, 'fpr_normalised': 0.021686746987951807, 'shd': 2, 'B_est': {'bins': [0, 0.03125, 0.0625, 0.09375, 0.125, 0.15625, 0.1875, 0.21875, 0.25, 0.28125, 0.3125, 0.34375, 0.375, 0.40625, 0.4375, 0.46875, 0.5, 0.53125, 0.5625, 0.59375, 0.625, 0.65625, 0.6875, 0.71875, 0.75, 0.78125, 0.8125, 0.84375, 0.875, 0.90625, 0.9375, 0.96875, 1], 'values': [882, 0, 0, 0, 0, 0, 0, 0, 0, 0, 0, 0, 0, 0, 0, 0, 0, 0, 0, 0, 0, 0, 0, 0, 0, 0, 0, 0, 0, 0, 0, 18], '_type': 'histogram'}, 'fdr_normalised': 0.47368421052631576, 'shd_normalised': 10, 'tpr': 0.9, '_runtime': 26.59983611106873, 'fpr': 0, 'nnz_normalised': 19, '_step': 3, '_wandb': {'runtime': 25}, 'B_est_normalised': {'_type': 'histogram', 'bins': [0, 0.03125, 0.0625, 0.09375, 0.125, 0.15625, 0.1875, 0.21875, 0.25, 0.28125, 0.3125, 0.34375, 0.375, 0.40625, 0.4375, 0.46875, 0.5, 0.53125, 0.5625, 0.59375, 0.625, 0.65625, 0.6875, 0.71875, 0.75, 0.78125, 0.8125, 0.84375, 0.875, 0.90625, 0.9375, 0.96875, 1], 'values': [881, 0, 0, 0, 0, 0, 0, 0, 0, 0, 0, 0, 0, 0, 0, 0, 0, 0, 0, 0, 0, 0, 0, 0, 0, 0, 0, 0, 0, 0, 0, 19]}, 'model': 'notears', 'tpr_normalised': 0.5, 'fdr': 0}","{'d': 30, 'n': 1000, 's0': 20, 'methods': ['notears', 'notears-np'], 'sem_type': 'gauss', 'run_count': 10, 'graph_type': 'ER'}",good-elevator-36
21,"{'shd_normalised': 12, 'tpr_normalised': 0.5, 'fdr': 0, 'model': 'notears', '_runtime': 13.47068476676941, '_wandb': {'runtime': 12}, 'fpr_normalised': 0.02650602409638554, 'B_est_normalised': {'values': [879, 0, 0, 0, 0, 0, 0, 0, 0, 0, 0, 0, 0, 0, 0, 0, 0, 0, 0, 0, 0, 0, 0, 0, 0, 0, 0, 0, 0, 0, 0, 21], '_type': 'histogram', 'bins': [0, 0.03125, 0.0625, 0.09375, 0.125, 0.15625, 0.1875, 0.21875, 0.25, 0.28125, 0.3125, 0.34375, 0.375, 0.40625, 0.4375, 0.46875, 0.5, 0.53125, 0.5625, 0.59375, 0.625, 0.65625, 0.6875, 0.71875, 0.75, 0.78125, 0.8125, 0.84375, 0.875, 0.90625, 0.9375, 0.96875, 1]}, 'fpr': 0, 'shd': 0, '_step': 3, 'tpr': 1, 'nnz_normalised': 21, 'B_est': {'_type': 'histogram', 'bins': [0, 0.03125, 0.0625, 0.09375, 0.125, 0.15625, 0.1875, 0.21875, 0.25, 0.28125, 0.3125, 0.34375, 0.375, 0.40625, 0.4375, 0.46875, 0.5, 0.53125, 0.5625, 0.59375, 0.625, 0.65625, 0.6875, 0.71875, 0.75, 0.78125, 0.8125, 0.84375, 0.875, 0.90625, 0.9375, 0.96875, 1], 'values': [880, 0, 0, 0, 0, 0, 0, 0, 0, 0, 0, 0, 0, 0, 0, 0, 0, 0, 0, 0, 0, 0, 0, 0, 0, 0, 0, 0, 0, 0, 0, 20]}, '_timestamp': 1696530647.0819347, 'fdr_normalised': 0.5238095238095238, 'nnz': 20}","{'d': 30, 'n': 1000, 's0': 20, 'methods': ['notears', 'notears-np'], 'sem_type': 'gauss', 'run_count': 10, 'graph_type': 'ER'}",upbeat-resonance-35
22,"{'fpr': 0, 'B_est': {'_type': 'histogram', 'bins': [0, 0.03125, 0.0625, 0.09375, 0.125, 0.15625, 0.1875, 0.21875, 0.25, 0.28125, 0.3125, 0.34375, 0.375, 0.40625, 0.4375, 0.46875, 0.5, 0.53125, 0.5625, 0.59375, 0.625, 0.65625, 0.6875, 0.71875, 0.75, 0.78125, 0.8125, 0.84375, 0.875, 0.90625, 0.9375, 0.96875, 1], 'values': [880, 0, 0, 0, 0, 0, 0, 0, 0, 0, 0, 0, 0, 0, 0, 0, 0, 0, 0, 0, 0, 0, 0, 0, 0, 0, 0, 0, 0, 0, 0, 20]}, 'fdr_normalised': 0.4, 'B_est_normalised': {'_type': 'histogram', 'bins': [0, 0.03125, 0.0625, 0.09375, 0.125, 0.15625, 0.1875, 0.21875, 0.25, 0.28125, 0.3125, 0.34375, 0.375, 0.40625, 0.4375, 0.46875, 0.5, 0.53125, 0.5625, 0.59375, 0.625, 0.65625, 0.6875, 0.71875, 0.75, 0.78125, 0.8125, 0.84375, 0.875, 0.90625, 0.9375, 0.96875, 1], 'values': [880, 0, 0, 0, 0, 0, 0, 0, 0, 0, 0, 0, 0, 0, 0, 0, 0, 0, 0, 0, 0, 0, 0, 0, 0, 0, 0, 0, 0, 0, 0, 20]}, '_step': 3, 'fdr': 0, '_wandb': {'runtime': 33}, 'fpr_normalised': 0.01927710843373494, 'tpr': 1, 'shd': 0, '_runtime': 34.56865692138672, 'nnz_normalised': 20, '_timestamp': 1696530629.617611, 'model': 'notears', 'shd_normalised': 11, 'tpr_normalised': 0.6, 'nnz': 20}","{'d': 30, 'n': 1000, 's0': 20, 'methods': ['notears', 'notears-np'], 'sem_type': 'gauss', 'run_count': 10, 'graph_type': 'ER'}",unique-firefly-34
23,"{'model': 'notears', 'tpr': 1, 'shd_normalised': 12, 'nnz': 20, 'tpr_normalised': 0.5, 'fpr': 0, '_step': 3, '_wandb': {'runtime': 30}, 'B_est': {'_type': 'histogram', 'bins': [0, 0.03125, 0.0625, 0.09375, 0.125, 0.15625, 0.1875, 0.21875, 0.25, 0.28125, 0.3125, 0.34375, 0.375, 0.40625, 0.4375, 0.46875, 0.5, 0.53125, 0.5625, 0.59375, 0.625, 0.65625, 0.6875, 0.71875, 0.75, 0.78125, 0.8125, 0.84375, 0.875, 0.90625, 0.9375, 0.96875, 1], 'values': [880, 0, 0, 0, 0, 0, 0, 0, 0, 0, 0, 0, 0, 0, 0, 0, 0, 0, 0, 0, 0, 0, 0, 0, 0, 0, 0, 0, 0, 0, 0, 20]}, 'fdr_normalised': 0.5454545454545454, 'B_est_normalised': {'bins': [0, 0.03125, 0.0625, 0.09375, 0.125, 0.15625, 0.1875, 0.21875, 0.25, 0.28125, 0.3125, 0.34375, 0.375, 0.40625, 0.4375, 0.46875, 0.5, 0.53125, 0.5625, 0.59375, 0.625, 0.65625, 0.6875, 0.71875, 0.75, 0.78125, 0.8125, 0.84375, 0.875, 0.90625, 0.9375, 0.96875, 1], 'values': [878, 0, 0, 0, 0, 0, 0, 0, 0, 0, 0, 0, 0, 0, 0, 0, 0, 0, 0, 0, 0, 0, 0, 0, 0, 0, 0, 0, 0, 0, 0, 22], '_type': 'histogram'}, 'shd': 0, 'nnz_normalised': 22, 'fpr_normalised': 0.02891566265060241, 'fdr': 0, '_timestamp': 1696530591.7673662, '_runtime': 31.901649236679077}","{'d': 30, 'n': 1000, 's0': 20, 'methods': ['notears', 'notears-np'], 'sem_type': 'gauss', 'run_count': 10, 'graph_type': 'ER'}",rare-dawn-33
24,"{'nnz': 20, '_step': 3, 'B_est': {'_type': 'histogram', 'bins': [0, 0.03125, 0.0625, 0.09375, 0.125, 0.15625, 0.1875, 0.21875, 0.25, 0.28125, 0.3125, 0.34375, 0.375, 0.40625, 0.4375, 0.46875, 0.5, 0.53125, 0.5625, 0.59375, 0.625, 0.65625, 0.6875, 0.71875, 0.75, 0.78125, 0.8125, 0.84375, 0.875, 0.90625, 0.9375, 0.96875, 1], 'values': [880, 0, 0, 0, 0, 0, 0, 0, 0, 0, 0, 0, 0, 0, 0, 0, 0, 0, 0, 0, 0, 0, 0, 0, 0, 0, 0, 0, 0, 0, 0, 20]}, '_wandb': {'runtime': 64}, '_runtime': 65.10078001022339, '_timestamp': 1696530556.816518, 'fpr_normalised': 0.021686746987951807, 'shd': 0, 'tpr': 1, 'fpr': 0, 'model': 'notears', 'B_est_normalised': {'_type': 'histogram', 'bins': [0, 0.03125, 0.0625, 0.09375, 0.125, 0.15625, 0.1875, 0.21875, 0.25, 0.28125, 0.3125, 0.34375, 0.375, 0.40625, 0.4375, 0.46875, 0.5, 0.53125, 0.5625, 0.59375, 0.625, 0.65625, 0.6875, 0.71875, 0.75, 0.78125, 0.8125, 0.84375, 0.875, 0.90625, 0.9375, 0.96875, 1], 'values': [880, 0, 0, 0, 0, 0, 0, 0, 0, 0, 0, 0, 0, 0, 0, 0, 0, 0, 0, 0, 0, 0, 0, 0, 0, 0, 0, 0, 0, 0, 0, 20]}, 'fdr': 0, 'nnz_normalised': 20, 'fdr_normalised': 0.45, 'shd_normalised': 9, 'tpr_normalised': 0.55}","{'d': 30, 'n': 1000, 's0': 20, 'methods': ['notears', 'notears-np'], 'sem_type': 'gauss', 'run_count': 10, 'graph_type': 'ER'}",fast-mountain-32
25,"{'_timestamp': 1696528221.2558053, '_step': 0, 'model': 'dagma-np', '_runtime': 1.5946712493896484}","{'d': 20, 'n': 1000, 's0': 20, 'methods': ['dagma', 'ges', 'dagma-np'], 'sem_type': 'gauss', 'run_count': 10, 'graph_type': 'ER'}",morning-bird-31
26,"{'fpr': 0.01176470588235294, '_step': 3, 'fpr_normalised': 0.058823529411764705, 'B_est_normalised': {'_type': 'histogram', 'values': [381, 0, 0, 0, 0, 0, 0, 0, 0, 0, 0, 0, 0, 0, 0, 0, 0, 0, 0, 0, 0, 0, 0, 0, 0, 0, 0, 0, 0, 0, 0, 19], 'bins': [0, 0.03125, 0.0625, 0.09375, 0.125, 0.15625, 0.1875, 0.21875, 0.25, 0.28125, 0.3125, 0.34375, 0.375, 0.40625, 0.4375, 0.46875, 0.5, 0.53125, 0.5625, 0.59375, 0.625, 0.65625, 0.6875, 0.71875, 0.75, 0.78125, 0.8125, 0.84375, 0.875, 0.90625, 0.9375, 0.96875, 1]}, 'B_est': {'_type': 'histogram', 'bins': [0, 0.03125, 0.0625, 0.09375, 0.125, 0.15625, 0.1875, 0.21875, 0.25, 0.28125, 0.3125, 0.34375, 0.375, 0.40625, 0.4375, 0.46875, 0.5, 0.53125, 0.5625, 0.59375, 0.625, 0.65625, 0.6875, 0.71875, 0.75, 0.78125, 0.8125, 0.84375, 0.875, 0.90625, 0.9375, 0.96875, 1], 'values': [379, 0, 0, 0, 0, 0, 0, 0, 0, 0, 0, 0, 0, 0, 0, 0, 0, 0, 0, 0, 0, 0, 0, 0, 0, 0, 0, 0, 0, 0, 0, 21]}, '_wandb': {'runtime': 8}, '_timestamp': 1696528214.8099546, 'tpr': 0.95, 'model': 'dagma', 'shd': 2, 'fdr_normalised': 0.5263157894736842, '_runtime': 9.81742262840271, 'tpr_normalised': 0.45, 'nnz_normalised': 19, 'shd_normalised': 13, 'nnz': 21, 'fdr': 0.09523809523809525}","{'d': 20, 'n': 1000, 's0': 20, 'methods': ['dagma', 'ges', 'dagma-np'], 'sem_type': 'gauss', 'run_count': 10, 'graph_type': 'ER'}",young-resonance-30
27,"{'_runtime': 9.716981410980225, 'nnz_normalised': 17, 'tpr_normalised': 0.45, 'B_est_normalised': {'values': [383, 0, 0, 0, 0, 0, 0, 0, 0, 0, 0, 0, 0, 0, 0, 0, 0, 0, 0, 0, 0, 0, 0, 0, 0, 0, 0, 0, 0, 0, 0, 17], '_type': 'histogram', 'bins': [0, 0.03125, 0.0625, 0.09375, 0.125, 0.15625, 0.1875, 0.21875, 0.25, 0.28125, 0.3125, 0.34375, 0.375, 0.40625, 0.4375, 0.46875, 0.5, 0.53125, 0.5625, 0.59375, 0.625, 0.65625, 0.6875, 0.71875, 0.75, 0.78125, 0.8125, 0.84375, 0.875, 0.90625, 0.9375, 0.96875, 1]}, '_wandb': {'runtime': 8}, 'nnz': 20, 'B_est': {'_type': 'histogram', 'bins': [0, 0.03125, 0.0625, 0.09375, 0.125, 0.15625, 0.1875, 0.21875, 0.25, 0.28125, 0.3125, 0.34375, 0.375, 0.40625, 0.4375, 0.46875, 0.5, 0.53125, 0.5625, 0.59375, 0.625, 0.65625, 0.6875, 0.71875, 0.75, 0.78125, 0.8125, 0.84375, 0.875, 0.90625, 0.9375, 0.96875, 1], 'values': [380, 0, 0, 0, 0, 0, 0, 0, 0, 0, 0, 0, 0, 0, 0, 0, 0, 0, 0, 0, 0, 0, 0, 0, 0, 0, 0, 0, 0, 0, 0, 20]}, '_timestamp': 1696528200.0872457, 'tpr': 1, '_step': 3, 'shd': 0, 'shd_normalised': 12, 'fdr': 0, 'fdr_normalised': 0.4705882352941176, 'fpr_normalised': 0.04705882352941176, 'fpr': 0, 'model': 'dagma'}","{'d': 20, 'n': 1000, 's0': 20, 'methods': ['dagma', 'ges', 'dagma-np'], 'sem_type': 'gauss', 'run_count': 10, 'graph_type': 'ER'}",fanciful-eon-29
28,"{'B_est': {'_type': 'histogram', 'bins': [0, 0.03125, 0.0625, 0.09375, 0.125, 0.15625, 0.1875, 0.21875, 0.25, 0.28125, 0.3125, 0.34375, 0.375, 0.40625, 0.4375, 0.46875, 0.5, 0.53125, 0.5625, 0.59375, 0.625, 0.65625, 0.6875, 0.71875, 0.75, 0.78125, 0.8125, 0.84375, 0.875, 0.90625, 0.9375, 0.96875, 1], 'values': [380, 0, 0, 0, 0, 0, 0, 0, 0, 0, 0, 0, 0, 0, 0, 0, 0, 0, 0, 0, 0, 0, 0, 0, 0, 0, 0, 0, 0, 0, 0, 20]}, 'model': 'dagma', 'shd_normalised': 14, 'tpr_normalised': 0.45, 'fdr': 0, 'shd': 0, 'fpr_normalised': 0.07058823529411765, '_wandb': {'runtime': 7}, 'nnz': 20, 'nnz_normalised': 21, '_timestamp': 1696528187.1234078, '_runtime': 9.36849594116211, 'fdr_normalised': 0.5714285714285714, 'B_est_normalised': {'bins': [0, 0.03125, 0.0625, 0.09375, 0.125, 0.15625, 0.1875, 0.21875, 0.25, 0.28125, 0.3125, 0.34375, 0.375, 0.40625, 0.4375, 0.46875, 0.5, 0.53125, 0.5625, 0.59375, 0.625, 0.65625, 0.6875, 0.71875, 0.75, 0.78125, 0.8125, 0.84375, 0.875, 0.90625, 0.9375, 0.96875, 1], '_type': 'histogram', 'values': [379, 0, 0, 0, 0, 0, 0, 0, 0, 0, 0, 0, 0, 0, 0, 0, 0, 0, 0, 0, 0, 0, 0, 0, 0, 0, 0, 0, 0, 0, 0, 21]}, 'tpr': 1, 'fpr': 0, '_step': 3}","{'d': 20, 'n': 1000, 's0': 20, 'methods': ['dagma', 'ges', 'dagma-np'], 'sem_type': 'gauss', 'run_count': 10, 'graph_type': 'ER'}",likely-wave-28
29,"{'B_est': {'_type': 'histogram', 'bins': [0, 0.03125, 0.0625, 0.09375, 0.125, 0.15625, 0.1875, 0.21875, 0.25, 0.28125, 0.3125, 0.34375, 0.375, 0.40625, 0.4375, 0.46875, 0.5, 0.53125, 0.5625, 0.59375, 0.625, 0.65625, 0.6875, 0.71875, 0.75, 0.78125, 0.8125, 0.84375, 0.875, 0.90625, 0.9375, 0.96875, 1], 'values': [380, 0, 0, 0, 0, 0, 0, 0, 0, 0, 0, 0, 0, 0, 0, 0, 0, 0, 0, 0, 0, 0, 0, 0, 0, 0, 0, 0, 0, 0, 0, 20]}, 'nnz': 20, 'shd': 0, 'fdr_normalised': 0.35, '_timestamp': 1696528173.124428, 'fdr': 0, 'shd_normalised': 8, 'model': 'dagma', 'nnz_normalised': 20, 'tpr_normalised': 0.65, '_step': 3, '_wandb': {'runtime': 6}, 'fpr_normalised': 0.041176470588235294, 'B_est_normalised': {'values': [380, 0, 0, 0, 0, 0, 0, 0, 0, 0, 0, 0, 0, 0, 0, 0, 0, 0, 0, 0, 0, 0, 0, 0, 0, 0, 0, 0, 0, 0, 0, 20], 'bins': [0, 0.03125, 0.0625, 0.09375, 0.125, 0.15625, 0.1875, 0.21875, 0.25, 0.28125, 0.3125, 0.34375, 0.375, 0.40625, 0.4375, 0.46875, 0.5, 0.53125, 0.5625, 0.59375, 0.625, 0.65625, 0.6875, 0.71875, 0.75, 0.78125, 0.8125, 0.84375, 0.875, 0.90625, 0.9375, 0.96875, 1], '_type': 'histogram'}, 'fpr': 0, 'tpr': 1, '_runtime': 7.992965936660767}","{'d': 20, 'n': 1000, 's0': 20, 'methods': ['dagma', 'ges', 'dagma-np'], 'sem_type': 'gauss', 'run_count': 10, 'graph_type': 'ER'}",fresh-monkey-27
30,"{'_wandb': {'runtime': 7}, 'nnz': 21, 'tpr': 0.95, 'fdr_normalised': 0.42105263157894735, 'fpr_normalised': 0.04705882352941176, 'B_est': {'values': [379, 0, 0, 0, 0, 0, 0, 0, 0, 0, 0, 0, 0, 0, 0, 0, 0, 0, 0, 0, 0, 0, 0, 0, 0, 0, 0, 0, 0, 0, 0, 21], 'bins': [0, 0.03125, 0.0625, 0.09375, 0.125, 0.15625, 0.1875, 0.21875, 0.25, 0.28125, 0.3125, 0.34375, 0.375, 0.40625, 0.4375, 0.46875, 0.5, 0.53125, 0.5625, 0.59375, 0.625, 0.65625, 0.6875, 0.71875, 0.75, 0.78125, 0.8125, 0.84375, 0.875, 0.90625, 0.9375, 0.96875, 1], '_type': 'histogram'}, '_step': 3, 'B_est_normalised': {'values': [381, 0, 0, 0, 0, 0, 0, 0, 0, 0, 0, 0, 0, 0, 0, 0, 0, 0, 0, 0, 0, 0, 0, 0, 0, 0, 0, 0, 0, 0, 0, 19], '_type': 'histogram', 'bins': [0, 0.03125, 0.0625, 0.09375, 0.125, 0.15625, 0.1875, 0.21875, 0.25, 0.28125, 0.3125, 0.34375, 0.375, 0.40625, 0.4375, 0.46875, 0.5, 0.53125, 0.5625, 0.59375, 0.625, 0.65625, 0.6875, 0.71875, 0.75, 0.78125, 0.8125, 0.84375, 0.875, 0.90625, 0.9375, 0.96875, 1]}, 'fdr': 0.09523809523809525, 'shd': 2, 'model': 'dagma', '_runtime': 8.944339275360107, 'tpr_normalised': 0.55, '_timestamp': 1696528160.6058552, 'fpr': 0.01176470588235294, 'nnz_normalised': 19, 'shd_normalised': 10}","{'d': 20, 'n': 1000, 's0': 20, 'methods': ['dagma', 'ges', 'dagma-np'], 'sem_type': 'gauss', 'run_count': 10, 'graph_type': 'ER'}",different-rain-26
31,"{'nnz_normalised': 19, '_step': 3, 'tpr_normalised': 0.6, 'shd': 1, 'fdr_normalised': 0.3684210526315789, 'B_est_normalised': {'_type': 'histogram', 'bins': [0, 0.03125, 0.0625, 0.09375, 0.125, 0.15625, 0.1875, 0.21875, 0.25, 0.28125, 0.3125, 0.34375, 0.375, 0.40625, 0.4375, 0.46875, 0.5, 0.53125, 0.5625, 0.59375, 0.625, 0.65625, 0.6875, 0.71875, 0.75, 0.78125, 0.8125, 0.84375, 0.875, 0.90625, 0.9375, 0.96875, 1], 'values': [381, 0, 0, 0, 0, 0, 0, 0, 0, 0, 0, 0, 0, 0, 0, 0, 0, 0, 0, 0, 0, 0, 0, 0, 0, 0, 0, 0, 0, 0, 0, 19]}, 'nnz': 20, 'B_est': {'bins': [0, 0.03125, 0.0625, 0.09375, 0.125, 0.15625, 0.1875, 0.21875, 0.25, 0.28125, 0.3125, 0.34375, 0.375, 0.40625, 0.4375, 0.46875, 0.5, 0.53125, 0.5625, 0.59375, 0.625, 0.65625, 0.6875, 0.71875, 0.75, 0.78125, 0.8125, 0.84375, 0.875, 0.90625, 0.9375, 0.96875, 1], 'values': [380, 0, 0, 0, 0, 0, 0, 0, 0, 0, 0, 0, 0, 0, 0, 0, 0, 0, 0, 0, 0, 0, 0, 0, 0, 0, 0, 0, 0, 0, 0, 20], '_type': 'histogram'}, 'model': 'dagma', 'fpr_normalised': 0.041176470588235294, '_runtime': 9.639321327209473, 'shd_normalised': 9, 'fdr': 0.05, 'tpr': 0.95, 'fpr': 0.0058823529411764705, '_wandb': {'runtime': 8}, '_timestamp': 1696528146.7701964}","{'d': 20, 'n': 1000, 's0': 20, 'methods': ['dagma', 'ges', 'dagma-np'], 'sem_type': 'gauss', 'run_count': 10, 'graph_type': 'ER'}",worldly-armadillo-25
32,"{'tpr_normalised': 0.6, 'nnz_normalised': 18, 'fpr_normalised': 0.03529411764705882, '_step': 3, '_timestamp': 1696528133.079672, 'shd_normalised': 9, 'B_est': {'values': [379, 0, 0, 0, 0, 0, 0, 0, 0, 0, 0, 0, 0, 0, 0, 0, 0, 0, 0, 0, 0, 0, 0, 0, 0, 0, 0, 0, 0, 0, 0, 21], 'bins': [0, 0.03125, 0.0625, 0.09375, 0.125, 0.15625, 0.1875, 0.21875, 0.25, 0.28125, 0.3125, 0.34375, 0.375, 0.40625, 0.4375, 0.46875, 0.5, 0.53125, 0.5625, 0.59375, 0.625, 0.65625, 0.6875, 0.71875, 0.75, 0.78125, 0.8125, 0.84375, 0.875, 0.90625, 0.9375, 0.96875, 1], '_type': 'histogram'}, 'tpr': 0.95, 'nnz': 21, 'fpr': 0.01176470588235294, 'fdr_normalised': 0.3333333333333333, 'model': 'dagma', '_wandb': {'runtime': 7}, 'fdr': 0.09523809523809525, 'shd': 2, '_runtime': 8.569147825241089, 'B_est_normalised': {'_type': 'histogram', 'bins': [0, 0.03125, 0.0625, 0.09375, 0.125, 0.15625, 0.1875, 0.21875, 0.25, 0.28125, 0.3125, 0.34375, 0.375, 0.40625, 0.4375, 0.46875, 0.5, 0.53125, 0.5625, 0.59375, 0.625, 0.65625, 0.6875, 0.71875, 0.75, 0.78125, 0.8125, 0.84375, 0.875, 0.90625, 0.9375, 0.96875, 1], 'values': [382, 0, 0, 0, 0, 0, 0, 0, 0, 0, 0, 0, 0, 0, 0, 0, 0, 0, 0, 0, 0, 0, 0, 0, 0, 0, 0, 0, 0, 0, 0, 18]}}","{'d': 20, 'n': 1000, 's0': 20, 'methods': ['dagma', 'ges', 'dagma-np'], 'sem_type': 'gauss', 'run_count': 10, 'graph_type': 'ER'}",swift-dust-24
33,"{'fpr_normalised': 0.07647058823529412, 'fpr': 0, '_wandb': {'runtime': 7}, 'tpr_normalised': 0.45, 'fdr_normalised': 0.5909090909090909, 'B_est': {'bins': [0, 0.03125, 0.0625, 0.09375, 0.125, 0.15625, 0.1875, 0.21875, 0.25, 0.28125, 0.3125, 0.34375, 0.375, 0.40625, 0.4375, 0.46875, 0.5, 0.53125, 0.5625, 0.59375, 0.625, 0.65625, 0.6875, 0.71875, 0.75, 0.78125, 0.8125, 0.84375, 0.875, 0.90625, 0.9375, 0.96875, 1], 'values': [380, 0, 0, 0, 0, 0, 0, 0, 0, 0, 0, 0, 0, 0, 0, 0, 0, 0, 0, 0, 0, 0, 0, 0, 0, 0, 0, 0, 0, 0, 0, 20], '_type': 'histogram'}, '_step': 3, '_runtime': 9.323463678359984, 'shd_normalised': 15, 'nnz': 20, 'shd': 0, 'model': 'dagma', 'fdr': 0, 'nnz_normalised': 22, 'tpr': 1, '_timestamp': 1696528121.2512236, 'B_est_normalised': {'_type': 'histogram', 'bins': [0, 0.03125, 0.0625, 0.09375, 0.125, 0.15625, 0.1875, 0.21875, 0.25, 0.28125, 0.3125, 0.34375, 0.375, 0.40625, 0.4375, 0.46875, 0.5, 0.53125, 0.5625, 0.59375, 0.625, 0.65625, 0.6875, 0.71875, 0.75, 0.78125, 0.8125, 0.84375, 0.875, 0.90625, 0.9375, 0.96875, 1], 'values': [378, 0, 0, 0, 0, 0, 0, 0, 0, 0, 0, 0, 0, 0, 0, 0, 0, 0, 0, 0, 0, 0, 0, 0, 0, 0, 0, 0, 0, 0, 0, 22]}}","{'d': 20, 'n': 1000, 's0': 20, 'methods': ['dagma', 'ges', 'dagma-np'], 'sem_type': 'gauss', 'run_count': 10, 'graph_type': 'ER'}",eternal-glitter-23
34,"{'fpr': 0, '_timestamp': 1696528107.0666754, 'fdr': 0, 'fpr_normalised': 0.04705882352941176, 'nnz_normalised': 21, 'tpr_normalised': 0.65, 'B_est_normalised': {'values': [379, 0, 0, 0, 0, 0, 0, 0, 0, 0, 0, 0, 0, 0, 0, 0, 0, 0, 0, 0, 0, 0, 0, 0, 0, 0, 0, 0, 0, 0, 0, 21], '_type': 'histogram', 'bins': [0, 0.03125, 0.0625, 0.09375, 0.125, 0.15625, 0.1875, 0.21875, 0.25, 0.28125, 0.3125, 0.34375, 0.375, 0.40625, 0.4375, 0.46875, 0.5, 0.53125, 0.5625, 0.59375, 0.625, 0.65625, 0.6875, 0.71875, 0.75, 0.78125, 0.8125, 0.84375, 0.875, 0.90625, 0.9375, 0.96875, 1]}, '_runtime': 9.716497421264648, 'fdr_normalised': 0.380952380952381, 'B_est': {'_type': 'histogram', 'bins': [0, 0.03125, 0.0625, 0.09375, 0.125, 0.15625, 0.1875, 0.21875, 0.25, 0.28125, 0.3125, 0.34375, 0.375, 0.40625, 0.4375, 0.46875, 0.5, 0.53125, 0.5625, 0.59375, 0.625, 0.65625, 0.6875, 0.71875, 0.75, 0.78125, 0.8125, 0.84375, 0.875, 0.90625, 0.9375, 0.96875, 1], 'values': [380, 0, 0, 0, 0, 0, 0, 0, 0, 0, 0, 0, 0, 0, 0, 0, 0, 0, 0, 0, 0, 0, 0, 0, 0, 0, 0, 0, 0, 0, 0, 20]}, 'shd_normalised': 10, '_wandb': {'runtime': 8}, 'tpr': 1, '_step': 3, 'nnz': 20, 'shd': 0, 'model': 'dagma'}","{'d': 20, 'n': 1000, 's0': 20, 'methods': ['dagma', 'ges', 'dagma-np'], 'sem_type': 'gauss', 'run_count': 10, 'graph_type': 'ER'}",young-sun-22
35,"{'nnz': 20, 'nnz_normalised': 20, 'fpr_normalised': 0.058823529411764705, 'tpr_normalised': 0.5, 'tpr': 1, 'model': 'dagma', 'B_est': {'_type': 'histogram', 'values': [380, 0, 0, 0, 0, 0, 0, 0, 0, 0, 0, 0, 0, 0, 0, 0, 0, 0, 0, 0, 0, 0, 0, 0, 0, 0, 0, 0, 0, 0, 0, 20], 'bins': [0, 0.03125, 0.0625, 0.09375, 0.125, 0.15625, 0.1875, 0.21875, 0.25, 0.28125, 0.3125, 0.34375, 0.375, 0.40625, 0.4375, 0.46875, 0.5, 0.53125, 0.5625, 0.59375, 0.625, 0.65625, 0.6875, 0.71875, 0.75, 0.78125, 0.8125, 0.84375, 0.875, 0.90625, 0.9375, 0.96875, 1]}, 'fdr': 0, '_wandb': {'runtime': 9}, '_timestamp': 1696528093.5879142, 'fdr_normalised': 0.5, 'shd_normalised': 13, 'B_est_normalised': {'values': [380, 0, 0, 0, 0, 0, 0, 0, 0, 0, 0, 0, 0, 0, 0, 0, 0, 0, 0, 0, 0, 0, 0, 0, 0, 0, 0, 0, 0, 0, 0, 20], 'bins': [0, 0.03125, 0.0625, 0.09375, 0.125, 0.15625, 0.1875, 0.21875, 0.25, 0.28125, 0.3125, 0.34375, 0.375, 0.40625, 0.4375, 0.46875, 0.5, 0.53125, 0.5625, 0.59375, 0.625, 0.65625, 0.6875, 0.71875, 0.75, 0.78125, 0.8125, 0.84375, 0.875, 0.90625, 0.9375, 0.96875, 1], '_type': 'histogram'}, 'shd': 0, '_runtime': 9.924508333206177, '_step': 3, 'fpr': 0}","{'d': 20, 'n': 1000, 's0': 20, 'methods': ['dagma', 'ges', 'dagma-np'], 'sem_type': 'gauss', 'run_count': 10, 'graph_type': 'ER'}",silver-durian-21
36,"{'tpr_normalised': 0.3, 'model': 'notears-np', 'tpr': 0.85, '_timestamp': 1696519845.2839613, 'fdr_normalised': 0.6666666666666666, 'fdr': 0.10526315789473684, 'B_est_normalised': {'_type': 'histogram', 'values': [82, 0, 0, 0, 0, 0, 0, 0, 0, 0, 0, 0, 0, 0, 0, 0, 0, 0, 0, 0, 0, 0, 0, 0, 0, 0, 0, 0, 0, 0, 0, 18], 'bins': [0, 0.03125, 0.0625, 0.09375, 0.125, 0.15625, 0.1875, 0.21875, 0.25, 0.28125, 0.3125, 0.34375, 0.375, 0.40625, 0.4375, 0.46875, 0.5, 0.53125, 0.5625, 0.59375, 0.625, 0.65625, 0.6875, 0.71875, 0.75, 0.78125, 0.8125, 0.84375, 0.875, 0.90625, 0.9375, 0.96875, 1]}, 'fpr_normalised': 0.48, 'nnz': 19, '_step': 3, '_wandb': {'runtime': 9632}, 'fpr': 0.08, 'shd': 4, 'nnz_normalised': 18, '_runtime': 9633.733890295029, 'shd_normalised': 22, 'B_est': {'_type': 'histogram', 'bins': [0, 0.03125, 0.0625, 0.09375, 0.125, 0.15625, 0.1875, 0.21875, 0.25, 0.28125, 0.3125, 0.34375, 0.375, 0.40625, 0.4375, 0.46875, 0.5, 0.53125, 0.5625, 0.59375, 0.625, 0.65625, 0.6875, 0.71875, 0.75, 0.78125, 0.8125, 0.84375, 0.875, 0.90625, 0.9375, 0.96875, 1], 'values': [81, 0, 0, 0, 0, 0, 0, 0, 0, 0, 0, 0, 0, 0, 0, 0, 0, 0, 0, 0, 0, 0, 0, 0, 0, 0, 0, 0, 0, 0, 0, 19]}}","{'d': 10, 'n': 1000, 's0': 20, 'methods': ['notears', 'notears-np'], 'sem_type': 'gauss', 'run_count': 10, 'graph_type': 'ER'}",smooth-thunder-19
37,"{'_runtime': 11255.341603279114, 'nnz_normalised': 18, 'shd_normalised': 19, '_wandb': {'runtime': 11253}, 'fpr_normalised': 0.48, 'fdr': 0, 'shd': 0, 'fdr_normalised': 0.6666666666666666, 'B_est_normalised': {'_type': 'histogram', 'values': [82, 0, 0, 0, 0, 0, 0, 0, 0, 0, 0, 0, 0, 0, 0, 0, 0, 0, 0, 0, 0, 0, 0, 0, 0, 0, 0, 0, 0, 0, 0, 18], 'bins': [0, 0.03125, 0.0625, 0.09375, 0.125, 0.15625, 0.1875, 0.21875, 0.25, 0.28125, 0.3125, 0.34375, 0.375, 0.40625, 0.4375, 0.46875, 0.5, 0.53125, 0.5625, 0.59375, 0.625, 0.65625, 0.6875, 0.71875, 0.75, 0.78125, 0.8125, 0.84375, 0.875, 0.90625, 0.9375, 0.96875, 1]}, 'nnz': 20, 'tpr_normalised': 0.3, '_step': 3, '_timestamp': 1696510208.098519, 'fpr': 0, 'B_est': {'_type': 'histogram', 'bins': [0, 0.03125, 0.0625, 0.09375, 0.125, 0.15625, 0.1875, 0.21875, 0.25, 0.28125, 0.3125, 0.34375, 0.375, 0.40625, 0.4375, 0.46875, 0.5, 0.53125, 0.5625, 0.59375, 0.625, 0.65625, 0.6875, 0.71875, 0.75, 0.78125, 0.8125, 0.84375, 0.875, 0.90625, 0.9375, 0.96875, 1], 'values': [80, 0, 0, 0, 0, 0, 0, 0, 0, 0, 0, 0, 0, 0, 0, 0, 0, 0, 0, 0, 0, 0, 0, 0, 0, 0, 0, 0, 0, 0, 0, 20]}, 'tpr': 1, 'model': 'notears-np'}","{'d': 10, 'n': 1000, 's0': 20, 'methods': ['notears', 'notears-np'], 'sem_type': 'gauss', 'run_count': 10, 'graph_type': 'ER'}",glorious-wood-18
38,"{'_runtime': 8981.944762468338, 'nnz': 19, 'fdr_normalised': 0.7368421052631579, '_step': 3, 'nnz_normalised': 19, 'shd': 1, 'fpr_normalised': 0.56, 'model': 'notears-np', 'tpr_normalised': 0.25, 'B_est_normalised': {'values': [81, 0, 0, 0, 0, 0, 0, 0, 0, 0, 0, 0, 0, 0, 0, 0, 0, 0, 0, 0, 0, 0, 0, 0, 0, 0, 0, 0, 0, 0, 0, 19], '_type': 'histogram', 'bins': [0, 0.03125, 0.0625, 0.09375, 0.125, 0.15625, 0.1875, 0.21875, 0.25, 0.28125, 0.3125, 0.34375, 0.375, 0.40625, 0.4375, 0.46875, 0.5, 0.53125, 0.5625, 0.59375, 0.625, 0.65625, 0.6875, 0.71875, 0.75, 0.78125, 0.8125, 0.84375, 0.875, 0.90625, 0.9375, 0.96875, 1]}, 'shd_normalised': 19, 'fdr': 0, 'fpr': 0, '_timestamp': 1696498949.7975104, 'tpr': 0.95, 'B_est': {'_type': 'histogram', 'bins': [0, 0.03125, 0.0625, 0.09375, 0.125, 0.15625, 0.1875, 0.21875, 0.25, 0.28125, 0.3125, 0.34375, 0.375, 0.40625, 0.4375, 0.46875, 0.5, 0.53125, 0.5625, 0.59375, 0.625, 0.65625, 0.6875, 0.71875, 0.75, 0.78125, 0.8125, 0.84375, 0.875, 0.90625, 0.9375, 0.96875, 1], 'values': [81, 0, 0, 0, 0, 0, 0, 0, 0, 0, 0, 0, 0, 0, 0, 0, 0, 0, 0, 0, 0, 0, 0, 0, 0, 0, 0, 0, 0, 0, 0, 19]}, '_wandb': {'runtime': 8981}}","{'d': 10, 'n': 1000, 's0': 20, 'methods': ['notears', 'notears-np'], 'sem_type': 'gauss', 'run_count': 10, 'graph_type': 'ER'}",amber-field-17
39,"{'_timestamp': 1696471662.0533466, '_step': 0, 'model': 'notears-np', '_runtime': 1.581303596496582}","{'d': 20, 'n': 1000, 's0': 20, 'methods': ['notears', 'notears-np'], 'sem_type': 'gauss', 'run_count': 10, 'graph_type': 'ER'}",copper-meadow-16
40,"{'nnz_normalised': 31, 'B_est_normalised': {'_type': 'histogram', 'bins': [0, 0.03125, 0.0625, 0.09375, 0.125, 0.15625, 0.1875, 0.21875, 0.25, 0.28125, 0.3125, 0.34375, 0.375, 0.40625, 0.4375, 0.46875, 0.5, 0.53125, 0.5625, 0.59375, 0.625, 0.65625, 0.6875, 0.71875, 0.75, 0.78125, 0.8125, 0.84375, 0.875, 0.90625, 0.9375, 0.96875, 1], 'values': [369, 0, 0, 0, 0, 0, 0, 0, 0, 0, 0, 0, 0, 0, 0, 0, 0, 0, 0, 0, 0, 0, 0, 0, 0, 0, 0, 0, 0, 0, 0, 31]}, 'fpr': 0.0058823529411764705, '_wandb': {'runtime': 14948}, '_step': 3, 'fdr_normalised': 0.7741935483870968, 'shd': 1, 'tpr': 0.95, '_runtime': 14950.27079319954, 'fpr_normalised': 0.1411764705882353, 'nnz': 20, 'B_est': {'bins': [0, 0.03125, 0.0625, 0.09375, 0.125, 0.15625, 0.1875, 0.21875, 0.25, 0.28125, 0.3125, 0.34375, 0.375, 0.40625, 0.4375, 0.46875, 0.5, 0.53125, 0.5625, 0.59375, 0.625, 0.65625, 0.6875, 0.71875, 0.75, 0.78125, 0.8125, 0.84375, 0.875, 0.90625, 0.9375, 0.96875, 1], 'values': [380, 0, 0, 0, 0, 0, 0, 0, 0, 0, 0, 0, 0, 0, 0, 0, 0, 0, 0, 0, 0, 0, 0, 0, 0, 0, 0, 0, 0, 0, 0, 20], '_type': 'histogram'}, 'shd_normalised': 26, 'tpr_normalised': 0.35, '_timestamp': 1696471656.21759, 'fdr': 0.05, 'model': 'notears-np'}","{'d': 20, 'n': 1000, 's0': 20, 'methods': ['notears', 'notears-np'], 'sem_type': 'gauss', 'run_count': 10, 'graph_type': 'ER'}",giddy-sunset-15
41,"{'_wandb': {'runtime': 9173}, 'shd': 0, 'B_est_normalised': {'bins': [0, 0.03125, 0.0625, 0.09375, 0.125, 0.15625, 0.1875, 0.21875, 0.25, 0.28125, 0.3125, 0.34375, 0.375, 0.40625, 0.4375, 0.46875, 0.5, 0.53125, 0.5625, 0.59375, 0.625, 0.65625, 0.6875, 0.71875, 0.75, 0.78125, 0.8125, 0.84375, 0.875, 0.90625, 0.9375, 0.96875, 1], 'values': [374, 0, 0, 0, 0, 0, 0, 0, 0, 0, 0, 0, 0, 0, 0, 0, 0, 0, 0, 0, 0, 0, 0, 0, 0, 0, 0, 0, 0, 0, 0, 26], '_type': 'histogram'}, 'model': 'notears-np', '_runtime': 9175.036718130112, 'shd_normalised': 20, '_step': 3, 'tpr_normalised': 0.45, 'fpr': 0, 'fpr_normalised': 0.1, 'tpr': 1, 'fdr_normalised': 0.6538461538461539, 'B_est': {'_type': 'histogram', 'bins': [0, 0.03125, 0.0625, 0.09375, 0.125, 0.15625, 0.1875, 0.21875, 0.25, 0.28125, 0.3125, 0.34375, 0.375, 0.40625, 0.4375, 0.46875, 0.5, 0.53125, 0.5625, 0.59375, 0.625, 0.65625, 0.6875, 0.71875, 0.75, 0.78125, 0.8125, 0.84375, 0.875, 0.90625, 0.9375, 0.96875, 1], 'values': [380, 0, 0, 0, 0, 0, 0, 0, 0, 0, 0, 0, 0, 0, 0, 0, 0, 0, 0, 0, 0, 0, 0, 0, 0, 0, 0, 0, 0, 0, 0, 20]}, '_timestamp': 1696456702.6127412, 'nnz': 20, 'fdr': 0, 'nnz_normalised': 26}","{'d': 20, 'n': 1000, 's0': 20, 'methods': ['notears', 'notears-np'], 'sem_type': 'gauss', 'run_count': 10, 'graph_type': 'ER'}",vocal-river-14
42,"{'model': 'notears', 'nnz': 19, 'tpr_normalised': 0.5, 'shd': 1, '_runtime': 13.349644660949709, 'fpr': 0, 'fpr_normalised': 0.06470588235294118, 'fdr': 0, 'tpr': 0.95, '_wandb': {'runtime': 11}, '_timestamp': 1696447524.0303907, 'fdr_normalised': 0.5238095238095238, 'nnz_normalised': 21, 'shd_normalised': 15, 'B_est_normalised': {'bins': [0, 0.03125, 0.0625, 0.09375, 0.125, 0.15625, 0.1875, 0.21875, 0.25, 0.28125, 0.3125, 0.34375, 0.375, 0.40625, 0.4375, 0.46875, 0.5, 0.53125, 0.5625, 0.59375, 0.625, 0.65625, 0.6875, 0.71875, 0.75, 0.78125, 0.8125, 0.84375, 0.875, 0.90625, 0.9375, 0.96875, 1], 'values': [379, 0, 0, 0, 0, 0, 0, 0, 0, 0, 0, 0, 0, 0, 0, 0, 0, 0, 0, 0, 0, 0, 0, 0, 0, 0, 0, 0, 0, 0, 0, 21], '_type': 'histogram'}, 'B_est': {'_type': 'histogram', 'bins': [0, 0.03125, 0.0625, 0.09375, 0.125, 0.15625, 0.1875, 0.21875, 0.25, 0.28125, 0.3125, 0.34375, 0.375, 0.40625, 0.4375, 0.46875, 0.5, 0.53125, 0.5625, 0.59375, 0.625, 0.65625, 0.6875, 0.71875, 0.75, 0.78125, 0.8125, 0.84375, 0.875, 0.90625, 0.9375, 0.96875, 1], 'values': [381, 0, 0, 0, 0, 0, 0, 0, 0, 0, 0, 0, 0, 0, 0, 0, 0, 0, 0, 0, 0, 0, 0, 0, 0, 0, 0, 0, 0, 0, 0, 19]}, '_step': 3}","{'d': 20, 'n': 1000, 's0': 20, 'methods': ['notears', 'notears-np'], 'sem_type': 'gauss', 'run_count': 10, 'graph_type': 'ER'}",twilight-voice-13
43,"{'shd': 1, '_wandb': {'runtime': 17}, '_timestamp': 1696447506.4138548, 'fpr_normalised': 0.06470588235294118, '_step': 3, 'fdr': 0.05, 'tpr_normalised': 0.4, 'model': 'notears', 'nnz_normalised': 19, 'shd_normalised': 17, '_runtime': 18.490660905838013, 'fdr_normalised': 0.5789473684210527, 'tpr': 0.95, 'B_est': {'values': [380, 0, 0, 0, 0, 0, 0, 0, 0, 0, 0, 0, 0, 0, 0, 0, 0, 0, 0, 0, 0, 0, 0, 0, 0, 0, 0, 0, 0, 0, 0, 20], '_type': 'histogram', 'bins': [0, 0.03125, 0.0625, 0.09375, 0.125, 0.15625, 0.1875, 0.21875, 0.25, 0.28125, 0.3125, 0.34375, 0.375, 0.40625, 0.4375, 0.46875, 0.5, 0.53125, 0.5625, 0.59375, 0.625, 0.65625, 0.6875, 0.71875, 0.75, 0.78125, 0.8125, 0.84375, 0.875, 0.90625, 0.9375, 0.96875, 1]}, 'B_est_normalised': {'_type': 'histogram', 'values': [381, 0, 0, 0, 0, 0, 0, 0, 0, 0, 0, 0, 0, 0, 0, 0, 0, 0, 0, 0, 0, 0, 0, 0, 0, 0, 0, 0, 0, 0, 0, 19], 'bins': [0, 0.03125, 0.0625, 0.09375, 0.125, 0.15625, 0.1875, 0.21875, 0.25, 0.28125, 0.3125, 0.34375, 0.375, 0.40625, 0.4375, 0.46875, 0.5, 0.53125, 0.5625, 0.59375, 0.625, 0.65625, 0.6875, 0.71875, 0.75, 0.78125, 0.8125, 0.84375, 0.875, 0.90625, 0.9375, 0.96875, 1]}, 'nnz': 20, 'fpr': 0.0058823529411764705}","{'d': 20, 'n': 1000, 's0': 20, 'methods': ['notears', 'notears-np'], 'sem_type': 'gauss', 'run_count': 10, 'graph_type': 'ER'}",charmed-sponge-12
44,"{'tpr_normalised': 0.45, '_runtime': 6.697769403457642, 'fdr': 0, 'fpr': 0, 'tpr': 1, 'shd': 0, 'shd_normalised': 12, 'nnz': 20, 'nnz_normalised': 16, 'B_est': {'_type': 'histogram', 'bins': [0, 0.03125, 0.0625, 0.09375, 0.125, 0.15625, 0.1875, 0.21875, 0.25, 0.28125, 0.3125, 0.34375, 0.375, 0.40625, 0.4375, 0.46875, 0.5, 0.53125, 0.5625, 0.59375, 0.625, 0.65625, 0.6875, 0.71875, 0.75, 0.78125, 0.8125, 0.84375, 0.875, 0.90625, 0.9375, 0.96875, 1], 'values': [380, 0, 0, 0, 0, 0, 0, 0, 0, 0, 0, 0, 0, 0, 0, 0, 0, 0, 0, 0, 0, 0, 0, 0, 0, 0, 0, 0, 0, 0, 0, 20]}, 'model': 'notears', '_step': 3, 'B_est_normalised': {'values': [384, 0, 0, 0, 0, 0, 0, 0, 0, 0, 0, 0, 0, 0, 0, 0, 0, 0, 0, 0, 0, 0, 0, 0, 0, 0, 0, 0, 0, 0, 0, 16], 'bins': [0, 0.03125, 0.0625, 0.09375, 0.125, 0.15625, 0.1875, 0.21875, 0.25, 0.28125, 0.3125, 0.34375, 0.375, 0.40625, 0.4375, 0.46875, 0.5, 0.53125, 0.5625, 0.59375, 0.625, 0.65625, 0.6875, 0.71875, 0.75, 0.78125, 0.8125, 0.84375, 0.875, 0.90625, 0.9375, 0.96875, 1], '_type': 'histogram'}, '_timestamp': 1696447484.828329, 'fpr_normalised': 0.041176470588235294, '_wandb': {'runtime': 5}, 'fdr_normalised': 0.4375}","{'d': 20, 'n': 1000, 's0': 20, 'methods': ['notears', 'notears-np'], 'sem_type': 'gauss', 'run_count': 10, 'graph_type': 'ER'}",fragrant-donkey-11
45,"{'_wandb': {'runtime': 8}, 'fdr_normalised': 0.5, 'B_est': {'values': [380, 0, 0, 0, 0, 0, 0, 0, 0, 0, 0, 0, 0, 0, 0, 0, 0, 0, 0, 0, 0, 0, 0, 0, 0, 0, 0, 0, 0, 0, 0, 20], '_type': 'histogram', 'bins': [0, 0.03125, 0.0625, 0.09375, 0.125, 0.15625, 0.1875, 0.21875, 0.25, 0.28125, 0.3125, 0.34375, 0.375, 0.40625, 0.4375, 0.46875, 0.5, 0.53125, 0.5625, 0.59375, 0.625, 0.65625, 0.6875, 0.71875, 0.75, 0.78125, 0.8125, 0.84375, 0.875, 0.90625, 0.9375, 0.96875, 1]}, '_runtime': 9.820833206176758, 'nnz': 20, 'shd': 0, 'fpr': 0, 'model': 'notears', 'B_est_normalised': {'_type': 'histogram', 'bins': [0, 0.03125, 0.0625, 0.09375, 0.125, 0.15625, 0.1875, 0.21875, 0.25, 0.28125, 0.3125, 0.34375, 0.375, 0.40625, 0.4375, 0.46875, 0.5, 0.53125, 0.5625, 0.59375, 0.625, 0.65625, 0.6875, 0.71875, 0.75, 0.78125, 0.8125, 0.84375, 0.875, 0.90625, 0.9375, 0.96875, 1], 'values': [378, 0, 0, 0, 0, 0, 0, 0, 0, 0, 0, 0, 0, 0, 0, 0, 0, 0, 0, 0, 0, 0, 0, 0, 0, 0, 0, 0, 0, 0, 0, 22]}, 'tpr': 1, 'nnz_normalised': 22, '_step': 3, 'shd_normalised': 13, '_timestamp': 1696447475.051, 'fdr': 0, 'tpr_normalised': 0.55, 'fpr_normalised': 0.06470588235294118}","{'d': 20, 'n': 1000, 's0': 20, 'methods': ['notears', 'notears-np'], 'sem_type': 'gauss', 'run_count': 10, 'graph_type': 'ER'}",misunderstood-morning-10
46,"{'_runtime': 8.952285528182983, 'tpr_normalised': 0.5, 'model': 'notears', 'shd': 0, 'B_est_normalised': {'_type': 'histogram', 'bins': [0, 0.03125, 0.0625, 0.09375, 0.125, 0.15625, 0.1875, 0.21875, 0.25, 0.28125, 0.3125, 0.34375, 0.375, 0.40625, 0.4375, 0.46875, 0.5, 0.53125, 0.5625, 0.59375, 0.625, 0.65625, 0.6875, 0.71875, 0.75, 0.78125, 0.8125, 0.84375, 0.875, 0.90625, 0.9375, 0.96875, 1], 'values': [381, 0, 0, 0, 0, 0, 0, 0, 0, 0, 0, 0, 0, 0, 0, 0, 0, 0, 0, 0, 0, 0, 0, 0, 0, 0, 0, 0, 0, 0, 0, 19]}, 'fdr': 0, 'nnz_normalised': 19, '_timestamp': 1696447462.1624336, 'fdr_normalised': 0.47368421052631576, 'B_est': {'_type': 'histogram', 'bins': [0, 0.03125, 0.0625, 0.09375, 0.125, 0.15625, 0.1875, 0.21875, 0.25, 0.28125, 0.3125, 0.34375, 0.375, 0.40625, 0.4375, 0.46875, 0.5, 0.53125, 0.5625, 0.59375, 0.625, 0.65625, 0.6875, 0.71875, 0.75, 0.78125, 0.8125, 0.84375, 0.875, 0.90625, 0.9375, 0.96875, 1], 'values': [380, 0, 0, 0, 0, 0, 0, 0, 0, 0, 0, 0, 0, 0, 0, 0, 0, 0, 0, 0, 0, 0, 0, 0, 0, 0, 0, 0, 0, 0, 0, 20]}, '_step': 3, 'shd_normalised': 13, 'nnz': 20, 'fpr_normalised': 0.052941176470588235, '_wandb': {'runtime': 7}, 'fpr': 0, 'tpr': 1}","{'d': 20, 'n': 1000, 's0': 20, 'methods': ['notears', 'notears-np'], 'sem_type': 'gauss', 'run_count': 10, 'graph_type': 'ER'}",legendary-sky-9
47,"{'_runtime': 11.77525544166565, 'shd_normalised': 15, 'shd': 1, 'tpr': 0.95, 'nnz_normalised': 21, 'fdr': 0, 'nnz': 19, 'fdr_normalised': 0.5714285714285714, 'tpr_normalised': 0.45, 'B_est_normalised': {'_type': 'histogram', 'bins': [0, 0.03125, 0.0625, 0.09375, 0.125, 0.15625, 0.1875, 0.21875, 0.25, 0.28125, 0.3125, 0.34375, 0.375, 0.40625, 0.4375, 0.46875, 0.5, 0.53125, 0.5625, 0.59375, 0.625, 0.65625, 0.6875, 0.71875, 0.75, 0.78125, 0.8125, 0.84375, 0.875, 0.90625, 0.9375, 0.96875, 1], 'values': [379, 0, 0, 0, 0, 0, 0, 0, 0, 0, 0, 0, 0, 0, 0, 0, 0, 0, 0, 0, 0, 0, 0, 0, 0, 0, 0, 0, 0, 0, 0, 21]}, '_timestamp': 1696447450.0639255, '_step': 3, 'fpr': 0, 'model': 'notears', '_wandb': {'runtime': 10}, 'B_est': {'bins': [0, 0.03125, 0.0625, 0.09375, 0.125, 0.15625, 0.1875, 0.21875, 0.25, 0.28125, 0.3125, 0.34375, 0.375, 0.40625, 0.4375, 0.46875, 0.5, 0.53125, 0.5625, 0.59375, 0.625, 0.65625, 0.6875, 0.71875, 0.75, 0.78125, 0.8125, 0.84375, 0.875, 0.90625, 0.9375, 0.96875, 1], 'values': [381, 0, 0, 0, 0, 0, 0, 0, 0, 0, 0, 0, 0, 0, 0, 0, 0, 0, 0, 0, 0, 0, 0, 0, 0, 0, 0, 0, 0, 0, 0, 19], '_type': 'histogram'}, 'fpr_normalised': 0.07058823529411765}","{'d': 20, 'n': 1000, 's0': 20, 'methods': ['notears', 'notears-np'], 'sem_type': 'gauss', 'run_count': 10, 'graph_type': 'ER'}",frosty-wind-8
48,"{'fpr': 0.0058823529411764705, 'model': 'notears', 'nnz': 20, 'B_est': {'_type': 'histogram', 'bins': [0, 0.03125, 0.0625, 0.09375, 0.125, 0.15625, 0.1875, 0.21875, 0.25, 0.28125, 0.3125, 0.34375, 0.375, 0.40625, 0.4375, 0.46875, 0.5, 0.53125, 0.5625, 0.59375, 0.625, 0.65625, 0.6875, 0.71875, 0.75, 0.78125, 0.8125, 0.84375, 0.875, 0.90625, 0.9375, 0.96875, 1], 'values': [380, 0, 0, 0, 0, 0, 0, 0, 0, 0, 0, 0, 0, 0, 0, 0, 0, 0, 0, 0, 0, 0, 0, 0, 0, 0, 0, 0, 0, 0, 0, 20]}, 'tpr_normalised': 0.35, 'B_est_normalised': {'_type': 'histogram', 'bins': [0, 0.03125, 0.0625, 0.09375, 0.125, 0.15625, 0.1875, 0.21875, 0.25, 0.28125, 0.3125, 0.34375, 0.375, 0.40625, 0.4375, 0.46875, 0.5, 0.53125, 0.5625, 0.59375, 0.625, 0.65625, 0.6875, 0.71875, 0.75, 0.78125, 0.8125, 0.84375, 0.875, 0.90625, 0.9375, 0.96875, 1], 'values': [381, 0, 0, 0, 0, 0, 0, 0, 0, 0, 0, 0, 0, 0, 0, 0, 0, 0, 0, 0, 0, 0, 0, 0, 0, 0, 0, 0, 0, 0, 0, 19]}, '_timestamp': 1696447434.5445323, 'fpr_normalised': 0.07058823529411765, 'fdr': 0.05, 'shd': 1, 'nnz_normalised': 19, 'shd_normalised': 17, 'fdr_normalised': 0.631578947368421, 'tpr': 0.95, '_runtime': 13.282183408737184, '_step': 3, '_wandb': {'runtime': 11}}","{'d': 20, 'n': 1000, 's0': 20, 'methods': ['notears', 'notears-np'], 'sem_type': 'gauss', 'run_count': 10, 'graph_type': 'ER'}",devout-spaceship-7
49,"{'nnz': 20, 'model': 'notears', 'nnz_normalised': 22, 'tpr_normalised': 0.45, 'shd_normalised': 16, 'fdr': 0, '_runtime': 16.106688261032104, 'fdr_normalised': 0.5909090909090909, 'shd': 0, '_wandb': {'runtime': 14}, 'tpr': 1, 'fpr': 0, 'fpr_normalised': 0.07647058823529412, 'B_est_normalised': {'bins': [0, 0.03125, 0.0625, 0.09375, 0.125, 0.15625, 0.1875, 0.21875, 0.25, 0.28125, 0.3125, 0.34375, 0.375, 0.40625, 0.4375, 0.46875, 0.5, 0.53125, 0.5625, 0.59375, 0.625, 0.65625, 0.6875, 0.71875, 0.75, 0.78125, 0.8125, 0.84375, 0.875, 0.90625, 0.9375, 0.96875, 1], 'values': [378, 0, 0, 0, 0, 0, 0, 0, 0, 0, 0, 0, 0, 0, 0, 0, 0, 0, 0, 0, 0, 0, 0, 0, 0, 0, 0, 0, 0, 0, 0, 22], '_type': 'histogram'}, 'B_est': {'bins': [0, 0.03125, 0.0625, 0.09375, 0.125, 0.15625, 0.1875, 0.21875, 0.25, 0.28125, 0.3125, 0.34375, 0.375, 0.40625, 0.4375, 0.46875, 0.5, 0.53125, 0.5625, 0.59375, 0.625, 0.65625, 0.6875, 0.71875, 0.75, 0.78125, 0.8125, 0.84375, 0.875, 0.90625, 0.9375, 0.96875, 1], 'values': [380, 0, 0, 0, 0, 0, 0, 0, 0, 0, 0, 0, 0, 0, 0, 0, 0, 0, 0, 0, 0, 0, 0, 0, 0, 0, 0, 0, 0, 0, 0, 20], '_type': 'histogram'}, '_timestamp': 1696447416.8637822, '_step': 3}","{'d': 20, 'n': 1000, 's0': 20, 'methods': ['notears', 'notears-np'], 'sem_type': 'gauss', 'run_count': 10, 'graph_type': 'ER'}",solar-breeze-6
50,"{'fpr_normalised': 0.04705882352941176, 'B_est_normalised': {'_type': 'histogram', 'bins': [0, 0.03125, 0.0625, 0.09375, 0.125, 0.15625, 0.1875, 0.21875, 0.25, 0.28125, 0.3125, 0.34375, 0.375, 0.40625, 0.4375, 0.46875, 0.5, 0.53125, 0.5625, 0.59375, 0.625, 0.65625, 0.6875, 0.71875, 0.75, 0.78125, 0.8125, 0.84375, 0.875, 0.90625, 0.9375, 0.96875, 1], 'values': [380, 0, 0, 0, 0, 0, 0, 0, 0, 0, 0, 0, 0, 0, 0, 0, 0, 0, 0, 0, 0, 0, 0, 0, 0, 0, 0, 0, 0, 0, 0, 20]}, 'shd_normalised': 11, 'nnz': 19, '_step': 3, 'shd': 2, '_wandb': {'runtime': 5}, 'fpr': 0.0058823529411764705, '_runtime': 6.837774038314819, 'fdr_normalised': 0.4, 'B_est': {'_type': 'histogram', 'values': [381, 0, 0, 0, 0, 0, 0, 0, 0, 0, 0, 0, 0, 0, 0, 0, 0, 0, 0, 0, 0, 0, 0, 0, 0, 0, 0, 0, 0, 0, 0, 19], 'bins': [0, 0.03125, 0.0625, 0.09375, 0.125, 0.15625, 0.1875, 0.21875, 0.25, 0.28125, 0.3125, 0.34375, 0.375, 0.40625, 0.4375, 0.46875, 0.5, 0.53125, 0.5625, 0.59375, 0.625, 0.65625, 0.6875, 0.71875, 0.75, 0.78125, 0.8125, 0.84375, 0.875, 0.90625, 0.9375, 0.96875, 1]}, 'nnz_normalised': 20, 'tpr_normalised': 0.6, 'fdr': 0.05263157894736842, 'tpr': 0.9, 'model': 'notears', '_timestamp': 1696447397.779247}","{'d': 20, 'n': 1000, 's0': 20, 'methods': ['notears', 'notears-np'], 'sem_type': 'gauss', 'run_count': 10, 'graph_type': 'ER'}",sunny-dust-5
51,"{'shd': 1, 'fdr': 0, 'model': 'notears', '_timestamp': 1696447387.2257864, '_step': 3, 'fdr_normalised': 0.5, 'nnz': 19, 'nnz_normalised': 18, '_runtime': 12.40607738494873, 'tpr_normalised': 0.45, 'tpr': 0.95, '_wandb': {'runtime': 11}, 'shd_normalised': 14, 'B_est_normalised': {'_type': 'histogram', 'bins': [0, 0.03125, 0.0625, 0.09375, 0.125, 0.15625, 0.1875, 0.21875, 0.25, 0.28125, 0.3125, 0.34375, 0.375, 0.40625, 0.4375, 0.46875, 0.5, 0.53125, 0.5625, 0.59375, 0.625, 0.65625, 0.6875, 0.71875, 0.75, 0.78125, 0.8125, 0.84375, 0.875, 0.90625, 0.9375, 0.96875, 1], 'values': [382, 0, 0, 0, 0, 0, 0, 0, 0, 0, 0, 0, 0, 0, 0, 0, 0, 0, 0, 0, 0, 0, 0, 0, 0, 0, 0, 0, 0, 0, 0, 18]}, 'fpr_normalised': 0.052941176470588235, 'fpr': 0, 'B_est': {'bins': [0, 0.03125, 0.0625, 0.09375, 0.125, 0.15625, 0.1875, 0.21875, 0.25, 0.28125, 0.3125, 0.34375, 0.375, 0.40625, 0.4375, 0.46875, 0.5, 0.53125, 0.5625, 0.59375, 0.625, 0.65625, 0.6875, 0.71875, 0.75, 0.78125, 0.8125, 0.84375, 0.875, 0.90625, 0.9375, 0.96875, 1], 'values': [381, 0, 0, 0, 0, 0, 0, 0, 0, 0, 0, 0, 0, 0, 0, 0, 0, 0, 0, 0, 0, 0, 0, 0, 0, 0, 0, 0, 0, 0, 0, 19], '_type': 'histogram'}}","{'d': 20, 'n': 1000, 's0': 20, 'methods': ['notears', 'notears-np'], 'sem_type': 'gauss', 'run_count': 10, 'graph_type': 'ER'}",smooth-disco-4
52,"{'model': 'notears', 'tpr': 1, '_wandb': {'runtime': 8}, 'fdr': 0, 'fdr_normalised': 0.6666666666666666, 'fpr_normalised': 0.07058823529411765, 'B_est': {'_type': 'histogram', 'bins': [0, 0.03125, 0.0625, 0.09375, 0.125, 0.15625, 0.1875, 0.21875, 0.25, 0.28125, 0.3125, 0.34375, 0.375, 0.40625, 0.4375, 0.46875, 0.5, 0.53125, 0.5625, 0.59375, 0.625, 0.65625, 0.6875, 0.71875, 0.75, 0.78125, 0.8125, 0.84375, 0.875, 0.90625, 0.9375, 0.96875, 1], 'values': [380, 0, 0, 0, 0, 0, 0, 0, 0, 0, 0, 0, 0, 0, 0, 0, 0, 0, 0, 0, 0, 0, 0, 0, 0, 0, 0, 0, 0, 0, 0, 20]}, '_runtime': 9.759010791778564, '_timestamp': 1696445508.2913878, '_step': 3, 'nnz': 20, 'shd': 0, 'fpr': 0, 'nnz_normalised': 18, 'shd_normalised': 18, 'B_est_normalised': {'_type': 'histogram', 'bins': [0, 0.03125, 0.0625, 0.09375, 0.125, 0.15625, 0.1875, 0.21875, 0.25, 0.28125, 0.3125, 0.34375, 0.375, 0.40625, 0.4375, 0.46875, 0.5, 0.53125, 0.5625, 0.59375, 0.625, 0.65625, 0.6875, 0.71875, 0.75, 0.78125, 0.8125, 0.84375, 0.875, 0.90625, 0.9375, 0.96875, 1], 'values': [382, 0, 0, 0, 0, 0, 0, 0, 0, 0, 0, 0, 0, 0, 0, 0, 0, 0, 0, 0, 0, 0, 0, 0, 0, 0, 0, 0, 0, 0, 0, 18]}, 'tpr_normalised': 0.3}","{'d': 20, 'n': 100, 's0': 20, 'methods': ['notears'], 'sem_type': 'gauss', 'run_count': 1, 'graph_type': 'ER'}",clean-grass-2
53,{'_wandb': {'runtime': 0}},"{'d': 20, 'n': 100, 's0': 20, 'methods': ['notears', 'notears-np'], 'sem_type': 'gauss', 'run_count': 100, 'graph_type': 'ER'}",balmy-cloud-1
